0 verbose cli C:\Program Files\nodejs\node.exe C:\Program Files\nodejs\node_modules\npm\bin\npm-cli.js
1 info using npm@11.10.1
2 info using node@v25.7.0
3 silly config load:file:C:\Program Files\nodejs\node_modules\npm\npmrc
4 silly config load:file:C:\Users\Admn\Documents\Codex\2026-08-02\build-a-complete-live-cricket-website\.npmrc
5 silly config load:file:C:\Users\Admn\.npmrc
6 silly config load:file:C:\Users\Admn\AppData\Roaming\npm\etc\npmrc
7 verbose title npm install
8 verbose argv "install" "--cache" ".\\work\\npm-cache"
9 verbose logfile logs-max:10 dir:C:\Users\Admn\Documents\Codex\2026-08-02\build-a-complete-live-cricket-website\work\npm-cache\_logs\2026-08-02T16_38_33_317Z-
10 verbose logfile C:\Users\Admn\Documents\Codex\2026-08-02\build-a-complete-live-cricket-website\work\npm-cache\_logs\2026-08-02T16_38_33_317Z-debug-0.log
11 silly logfile done cleaning log files
12 silly packumentCache heap:2348810240 maxSize:587202560 maxEntrySize:293601280
13 silly idealTree buildDeps
14 silly fetch manifest concurrently@^9.1.2
15 silly packumentCache full:https://registry.npmjs.org/concurrently cache-miss
16 http fetch GET 200 https://registry.npmjs.org/npm 1683ms
17 http fetch GET 200 https://registry.npmjs.org/concurrently 1733ms (cache miss)
18 silly packumentCache full:https://registry.npmjs.org/concurrently set size:undefined disposed:false
19 silly fetch manifest husky@^9.1.7
20 silly packumentCache full:https://registry.npmjs.org/husky cache-miss
21 http fetch GET 200 https://registry.npmjs.org/husky 1270ms (cache miss)
22 silly packumentCache full:https://registry.npmjs.org/husky set size:undefined disposed:false
23 silly fetch manifest prettier@^3.5.3
24 silly packumentCache full:https://registry.npmjs.org/prettier cache-miss
25 http fetch GET 200 https://registry.npmjs.org/prettier 180ms (cache miss)
26 silly packumentCache full:https://registry.npmjs.org/prettier set size:undefined disposed:false
27 silly placeDep ROOT concurrently@9.2.4 OK for: stumpstream@1.0.0 want: ^9.1.2
28 silly placeDep ROOT husky@9.1.7 OK for: stumpstream@1.0.0 want: ^9.1.7
29 silly placeDep ROOT prettier@3.9.6 OK for: stumpstream@1.0.0 want: ^3.5.3
30 silly placeDep ROOT stumpstream-client@ OK for: stumpstream@1.0.0 want: file:C:\Users\Admn\Documents\Codex\2026-08-02\build-a-complete-live-cricket-website\client
31 silly placeDep ROOT stumpstream-server@ OK for: stumpstream@1.0.0 want: file:C:\Users\Admn\Documents\Codex\2026-08-02\build-a-complete-live-cricket-website\server
32 silly fetch manifest rxjs@7.8.2
33 silly packumentCache full:https://registry.npmjs.org/rxjs cache-miss
34 silly fetch manifest chalk@4.1.2
35 silly packumentCache full:https://registry.npmjs.org/chalk cache-miss
36 silly fetch manifest yargs@17.7.2
37 silly packumentCache full:https://registry.npmjs.org/yargs cache-miss
38 http fetch GET 200 https://registry.npmjs.org/chalk 388ms (cache miss)
39 silly packumentCache full:https://registry.npmjs.org/chalk set size:undefined disposed:false
40 silly fetch manifest tree-kill@1.2.2
41 silly packumentCache full:https://registry.npmjs.org/tree-kill cache-miss
42 http fetch GET 200 https://registry.npmjs.org/rxjs 409ms (cache miss)
43 silly packumentCache full:https://registry.npmjs.org/rxjs set size:undefined disposed:false
44 silly fetch manifest shell-quote@1.9.0
45 silly packumentCache full:https://registry.npmjs.org/shell-quote cache-miss
46 http fetch GET 200 https://registry.npmjs.org/tree-kill 284ms (cache miss)
47 silly packumentCache full:https://registry.npmjs.org/tree-kill set size:undefined disposed:false
48 silly fetch manifest supports-color@8.1.1
49 silly packumentCache full:https://registry.npmjs.org/supports-color cache-miss
50 http fetch GET 200 https://registry.npmjs.org/shell-quote 348ms (cache miss)
51 silly packumentCache full:https://registry.npmjs.org/shell-quote set size:undefined disposed:false
52 http fetch GET 200 https://registry.npmjs.org/supports-color 205ms (cache miss)
53 silly packumentCache full:https://registry.npmjs.org/supports-color set size:undefined disposed:false
54 http fetch GET 200 https://registry.npmjs.org/yargs 1447ms (cache miss)
55 silly packumentCache full:https://registry.npmjs.org/yargs set size:undefined disposed:false
56 silly placeDep ROOT chalk@4.1.2 OK for: concurrently@9.2.4 want: 4.1.2
57 silly placeDep ROOT rxjs@7.8.2 OK for: concurrently@9.2.4 want: 7.8.2
58 silly placeDep ROOT shell-quote@1.9.0 OK for: concurrently@9.2.4 want: 1.9.0
59 silly placeDep ROOT supports-color@8.1.1 OK for: concurrently@9.2.4 want: 8.1.1
60 silly placeDep ROOT tree-kill@1.2.2 OK for: concurrently@9.2.4 want: 1.2.2
61 silly placeDep ROOT yargs@17.7.2 OK for: concurrently@9.2.4 want: 17.7.2
62 silly fetch manifest ansi-styles@^4.1.0
63 silly packumentCache full:https://registry.npmjs.org/ansi-styles cache-miss
64 silly fetch manifest supports-color@^7.1.0
65 silly packumentCache full:https://registry.npmjs.org/supports-color cache-miss
66 silly fetch manifest tslib@^2.1.0
67 silly packumentCache full:https://registry.npmjs.org/tslib cache-miss
68 http cache https://registry.npmjs.org/supports-color 17ms (cache hit)
69 silly packumentCache full:https://registry.npmjs.org/supports-color set size:124169 disposed:false
70 silly fetch manifest has-flag@^4.0.0
71 silly packumentCache full:https://registry.npmjs.org/has-flag cache-miss
72 http fetch GET 200 https://registry.npmjs.org/tslib 70ms (cache miss)
73 silly packumentCache full:https://registry.npmjs.org/tslib set size:undefined disposed:false
74 silly fetch manifest y18n@^5.0.5
75 silly packumentCache full:https://registry.npmjs.org/y18n cache-miss
76 http fetch GET 200 https://registry.npmjs.org/ansi-styles 110ms (cache miss)
77 silly packumentCache full:https://registry.npmjs.org/ansi-styles set size:undefined disposed:false
78 silly fetch manifest cliui@^8.0.1
79 silly packumentCache full:https://registry.npmjs.org/cliui cache-miss
80 http fetch GET 200 https://registry.npmjs.org/has-flag 95ms (cache miss)
81 silly packumentCache full:https://registry.npmjs.org/has-flag set size:undefined disposed:false
82 silly fetch manifest escalade@^3.1.1
83 silly packumentCache full:https://registry.npmjs.org/escalade cache-miss
84 http fetch GET 200 https://registry.npmjs.org/y18n 79ms (cache miss)
85 silly packumentCache full:https://registry.npmjs.org/y18n set size:undefined disposed:false
86 silly fetch manifest string-width@^4.2.3
87 silly packumentCache full:https://registry.npmjs.org/string-width cache-miss
88 http fetch GET 200 https://registry.npmjs.org/cliui 79ms (cache miss)
89 silly packumentCache full:https://registry.npmjs.org/cliui set size:undefined disposed:false
90 silly fetch manifest yargs-parser@^21.1.1
91 silly packumentCache full:https://registry.npmjs.org/yargs-parser cache-miss
92 http fetch GET 200 https://registry.npmjs.org/escalade 83ms (cache miss)
93 silly packumentCache full:https://registry.npmjs.org/escalade set size:undefined disposed:false
94 silly fetch manifest get-caller-file@^2.0.5
95 silly packumentCache full:https://registry.npmjs.org/get-caller-file cache-miss
96 http fetch GET 200 https://registry.npmjs.org/string-width 103ms (cache miss)
97 silly packumentCache full:https://registry.npmjs.org/string-width set size:undefined disposed:false
98 silly fetch manifest require-directory@^2.1.1
99 silly packumentCache full:https://registry.npmjs.org/require-directory cache-miss
100 http fetch GET 200 https://registry.npmjs.org/get-caller-file 81ms (cache miss)
101 silly packumentCache full:https://registry.npmjs.org/get-caller-file set size:undefined disposed:false
102 http fetch GET 200 https://registry.npmjs.org/yargs-parser 98ms (cache miss)
103 silly packumentCache full:https://registry.npmjs.org/yargs-parser set size:undefined disposed:false
104 http fetch GET 200 https://registry.npmjs.org/require-directory 62ms (cache miss)
105 silly packumentCache full:https://registry.npmjs.org/require-directory set size:undefined disposed:false
106 silly placeDep ROOT ansi-styles@4.3.0 OK for: chalk@4.1.2 want: ^4.1.0
107 silly placeDep node_modules/chalk supports-color@7.2.0 OK for: chalk@4.1.2 want: ^7.1.0
108 silly fetch manifest color-convert@^2.0.1
109 silly packumentCache full:https://registry.npmjs.org/color-convert cache-miss
110 http fetch GET 200 https://registry.npmjs.org/color-convert 82ms (cache miss)
111 silly packumentCache full:https://registry.npmjs.org/color-convert set size:undefined disposed:false
112 silly placeDep ROOT color-convert@2.0.1 OK for: ansi-styles@4.3.0 want: ^2.0.1
113 silly fetch manifest color-name@~1.1.4
114 silly packumentCache full:https://registry.npmjs.org/color-name cache-miss
115 http fetch GET 200 https://registry.npmjs.org/color-name 207ms (cache miss)
116 silly packumentCache full:https://registry.npmjs.org/color-name set size:undefined disposed:false
117 silly placeDep ROOT color-name@1.1.4 OK for: color-convert@2.0.1 want: ~1.1.4
118 silly placeDep ROOT tslib@2.8.1 OK for: rxjs@7.8.2 want: ^2.1.0
119 silly placeDep ROOT has-flag@4.0.0 OK for: supports-color@8.1.1 want: ^4.0.0
120 silly placeDep ROOT cliui@8.0.1 OK for: yargs@17.7.2 want: ^8.0.1
121 silly placeDep ROOT escalade@3.2.0 OK for: yargs@17.7.2 want: ^3.1.1
122 silly placeDep ROOT get-caller-file@2.0.5 OK for: yargs@17.7.2 want: ^2.0.5
123 silly placeDep ROOT require-directory@2.1.1 OK for: yargs@17.7.2 want: ^2.1.1
124 silly placeDep ROOT string-width@4.2.3 OK for: yargs@17.7.2 want: ^4.2.3
125 silly placeDep ROOT y18n@5.0.8 OK for: yargs@17.7.2 want: ^5.0.5
126 silly placeDep ROOT yargs-parser@21.1.1 OK for: yargs@17.7.2 want: ^21.1.1
127 silly fetch manifest wrap-ansi@^7.0.0
128 silly packumentCache full:https://registry.npmjs.org/wrap-ansi cache-miss
129 silly fetch manifest strip-ansi@^6.0.1
130 silly packumentCache full:https://registry.npmjs.org/strip-ansi cache-miss
131 silly fetch manifest string-width@^4.2.0
132 silly packumentCache full:https://registry.npmjs.org/string-width cache-miss
133 http cache https://registry.npmjs.org/string-width 20ms (cache hit)
134 silly packumentCache full:https://registry.npmjs.org/string-width set size:72458 disposed:false
135 silly fetch manifest strip-ansi@^6.0.1
136 silly packumentCache full:https://registry.npmjs.org/strip-ansi cache-miss
137 http fetch GET 200 https://registry.npmjs.org/wrap-ansi 74ms (cache miss)
138 silly packumentCache full:https://registry.npmjs.org/wrap-ansi set size:undefined disposed:false
139 silly fetch manifest emoji-regex@^8.0.0
140 silly packumentCache full:https://registry.npmjs.org/emoji-regex cache-miss
141 http fetch GET 200 https://registry.npmjs.org/strip-ansi 81ms (cache miss)
142 silly packumentCache full:https://registry.npmjs.org/strip-ansi set size:undefined disposed:false
143 silly fetch manifest is-fullwidth-code-point@^3.0.0
144 silly packumentCache full:https://registry.npmjs.org/is-fullwidth-code-point cache-miss
145 http fetch GET 200 https://registry.npmjs.org/strip-ansi 70ms (cache miss)
146 silly packumentCache full:https://registry.npmjs.org/strip-ansi set size:undefined disposed:false
147 http fetch GET 200 https://registry.npmjs.org/emoji-regex 64ms (cache miss)
148 silly packumentCache full:https://registry.npmjs.org/emoji-regex set size:undefined disposed:false
149 http fetch GET 200 https://registry.npmjs.org/is-fullwidth-code-point 66ms (cache miss)
150 silly packumentCache full:https://registry.npmjs.org/is-fullwidth-code-point set size:undefined disposed:false
151 silly placeDep ROOT strip-ansi@6.0.1 OK for: cliui@8.0.1 want: ^6.0.1
152 silly placeDep ROOT wrap-ansi@7.0.0 OK for: cliui@8.0.1 want: ^7.0.0
153 silly fetch manifest ansi-regex@^5.0.1
154 silly packumentCache full:https://registry.npmjs.org/ansi-regex cache-miss
155 http fetch GET 200 https://registry.npmjs.org/ansi-regex 103ms (cache miss)
156 silly packumentCache full:https://registry.npmjs.org/ansi-regex set size:undefined disposed:false
157 silly placeDep ROOT emoji-regex@8.0.0 OK for: string-width@4.2.3 want: ^8.0.0
158 silly placeDep ROOT is-fullwidth-code-point@3.0.0 OK for: string-width@4.2.3 want: ^3.0.0
159 silly placeDep ROOT ansi-regex@5.0.1 OK for: strip-ansi@6.0.1 want: ^5.0.1
160 silly fetch manifest @supabase/supabase-js@^2.49.4
161 silly packumentCache full:https://registry.npmjs.org/@supabase%2fsupabase-js cache-miss
162 http fetch GET 200 https://registry.npmjs.org/@supabase%2fsupabase-js 625ms (cache miss)
163 silly packumentCache full:https://registry.npmjs.org/@supabase%2fsupabase-js set size:undefined disposed:false
164 silly fetch manifest @tanstack/react-query@^5.66.9
165 silly packumentCache full:https://registry.npmjs.org/@tanstack%2freact-query cache-miss
166 http fetch GET 200 https://registry.npmjs.org/@tanstack%2freact-query 400ms (cache miss)
167 silly packumentCache full:https://registry.npmjs.org/@tanstack%2freact-query set size:undefined disposed:false
168 silly fetch manifest react@^19.0.0
169 silly packumentCache full:https://registry.npmjs.org/react cache-miss
170 http fetch GET 200 https://registry.npmjs.org/react 367ms (cache miss)
171 silly packumentCache full:https://registry.npmjs.org/react set size:undefined disposed:false
172 silly fetch manifest framer-motion@^12.4.7
173 silly packumentCache full:https://registry.npmjs.org/framer-motion cache-miss
174 http fetch GET 200 https://registry.npmjs.org/framer-motion 431ms (cache miss)
175 silly packumentCache full:https://registry.npmjs.org/framer-motion set size:undefined disposed:false
176 silly fetch manifest @emotion/is-prop-valid@*
177 silly packumentCache full:https://registry.npmjs.org/@emotion%2fis-prop-valid cache-miss
178 http fetch GET 200 https://registry.npmjs.org/@emotion%2fis-prop-valid 86ms (cache miss)
179 silly packumentCache full:https://registry.npmjs.org/@emotion%2fis-prop-valid set size:undefined disposed:false
180 silly fetch manifest react-dom@^19.0.0
181 silly packumentCache full:https://registry.npmjs.org/react-dom cache-miss
182 http fetch GET 200 https://registry.npmjs.org/react-dom 408ms (cache miss)
183 silly packumentCache full:https://registry.npmjs.org/react-dom set size:undefined disposed:false
184 silly fetch manifest lucide-react@^0.475.0
185 silly packumentCache full:https://registry.npmjs.org/lucide-react cache-miss
186 http fetch GET 200 https://registry.npmjs.org/lucide-react 295ms (cache miss)
187 silly packumentCache full:https://registry.npmjs.org/lucide-react set size:undefined disposed:false
188 silly fetch manifest react-router-dom@^7.2.0
189 silly packumentCache full:https://registry.npmjs.org/react-router-dom cache-miss
190 http fetch GET 200 https://registry.npmjs.org/react-router-dom 740ms (cache miss)
191 silly packumentCache full:https://registry.npmjs.org/react-router-dom set size:undefined disposed:false
192 silly fetch manifest @eslint/js@^9.19.0
193 silly packumentCache full:https://registry.npmjs.org/@eslint%2fjs cache-miss
194 http fetch GET 200 https://registry.npmjs.org/@eslint%2fjs 93ms (cache miss)
195 silly packumentCache full:https://registry.npmjs.org/@eslint%2fjs set size:undefined disposed:false
196 silly fetch manifest @types/react@^19.0.8
197 silly packumentCache full:https://registry.npmjs.org/@types%2freact cache-miss
198 http fetch GET 200 https://registry.npmjs.org/@types%2freact 222ms (cache miss)
199 silly packumentCache full:https://registry.npmjs.org/@types%2freact set size:undefined disposed:false
200 silly fetch manifest @types/react-dom@^19.0.3
201 silly packumentCache full:https://registry.npmjs.org/@types%2freact-dom cache-miss
202 http fetch GET 200 https://registry.npmjs.org/@types%2freact-dom 199ms (cache miss)
203 silly packumentCache full:https://registry.npmjs.org/@types%2freact-dom set size:undefined disposed:false
204 silly fetch manifest @vitejs/plugin-react@^4.4.1
205 silly packumentCache full:https://registry.npmjs.org/@vitejs%2fplugin-react cache-miss
206 http fetch GET 200 https://registry.npmjs.org/@vitejs%2fplugin-react 89ms (cache miss)
207 silly packumentCache full:https://registry.npmjs.org/@vitejs%2fplugin-react set size:undefined disposed:false
208 silly fetch manifest vite@^6.1.0
209 silly packumentCache full:https://registry.npmjs.org/vite cache-miss
210 http fetch GET 200 https://registry.npmjs.org/vite 1315ms (cache miss)
211 silly packumentCache full:https://registry.npmjs.org/vite set size:undefined disposed:false
212 silly fetch manifest @types/node@^18.0.0 || ^20.0.0 || >=22.0.0
213 silly packumentCache full:https://registry.npmjs.org/@types%2fnode cache-miss
214 http fetch GET 200 https://registry.npmjs.org/@types%2fnode 1596ms (cache miss)
215 silly packumentCache full:https://registry.npmjs.org/@types%2fnode set size:undefined disposed:false
216 silly fetch manifest jiti@>=1.21.0
217 silly packumentCache full:https://registry.npmjs.org/jiti cache-miss
218 http fetch GET 200 https://registry.npmjs.org/jiti 169ms (cache miss)
219 silly packumentCache full:https://registry.npmjs.org/jiti set size:undefined disposed:false
220 silly fetch manifest less@*
221 silly packumentCache full:https://registry.npmjs.org/less cache-miss
222 http fetch GET 200 https://registry.npmjs.org/less 73ms (cache miss)
223 silly packumentCache full:https://registry.npmjs.org/less set size:undefined disposed:false
224 silly fetch manifest lightningcss@^1.21.0
225 silly packumentCache full:https://registry.npmjs.org/lightningcss cache-miss
226 http fetch GET 200 https://registry.npmjs.org/lightningcss 334ms (cache miss)
227 silly packumentCache full:https://registry.npmjs.org/lightningcss set size:undefined disposed:false
228 silly fetch manifest sass@*
229 silly packumentCache full:https://registry.npmjs.org/sass cache-miss
230 http fetch GET 200 https://registry.npmjs.org/sass 317ms (cache miss)
231 silly packumentCache full:https://registry.npmjs.org/sass set size:undefined disposed:false
232 silly fetch manifest sass-embedded@*
233 silly packumentCache full:https://registry.npmjs.org/sass-embedded cache-miss
234 http fetch GET 200 https://registry.npmjs.org/sass-embedded 99ms (cache miss)
235 silly packumentCache full:https://registry.npmjs.org/sass-embedded set size:undefined disposed:false
236 silly fetch manifest stylus@*
237 silly packumentCache full:https://registry.npmjs.org/stylus cache-miss
238 http fetch GET 200 https://registry.npmjs.org/stylus 98ms (cache miss)
239 silly packumentCache full:https://registry.npmjs.org/stylus set size:undefined disposed:false
240 silly fetch manifest sugarss@*
241 silly packumentCache full:https://registry.npmjs.org/sugarss cache-miss
242 http fetch GET 200 https://registry.npmjs.org/sugarss 64ms (cache miss)
243 silly packumentCache full:https://registry.npmjs.org/sugarss set size:undefined disposed:false
244 silly fetch manifest postcss@^8.5.2
245 silly packumentCache full:https://registry.npmjs.org/postcss cache-miss
246 http fetch GET 200 https://registry.npmjs.org/postcss 77ms (cache miss)
247 silly packumentCache full:https://registry.npmjs.org/postcss set size:undefined disposed:false
248 silly fetch manifest terser@^5.16.0
249 silly packumentCache full:https://registry.npmjs.org/terser cache-miss
250 http fetch GET 200 https://registry.npmjs.org/terser 137ms (cache miss)
251 silly packumentCache full:https://registry.npmjs.org/terser set size:undefined disposed:false
252 silly fetch manifest tsx@^4.8.1
253 silly packumentCache full:https://registry.npmjs.org/tsx cache-miss
254 http fetch GET 200 https://registry.npmjs.org/tsx 113ms (cache miss)
255 silly packumentCache full:https://registry.npmjs.org/tsx set size:undefined disposed:false
256 silly fetch manifest yaml@^2.4.2
257 silly packumentCache full:https://registry.npmjs.org/yaml cache-miss
258 http fetch GET 200 https://registry.npmjs.org/yaml 81ms (cache miss)
259 silly packumentCache full:https://registry.npmjs.org/yaml set size:undefined disposed:false
260 silly fetch manifest autoprefixer@^10.4.20
261 silly packumentCache full:https://registry.npmjs.org/autoprefixer cache-miss
262 http fetch GET 200 https://registry.npmjs.org/autoprefixer 97ms (cache miss)
263 silly packumentCache full:https://registry.npmjs.org/autoprefixer set size:undefined disposed:false
264 silly fetch manifest eslint@^9.19.0
265 silly packumentCache full:https://registry.npmjs.org/eslint cache-miss
266 http fetch GET 200 https://registry.npmjs.org/eslint 391ms (cache miss)
267 silly packumentCache full:https://registry.npmjs.org/eslint set size:undefined disposed:false
268 silly fetch manifest jiti@*
269 silly packumentCache full:https://registry.npmjs.org/jiti cache-miss
270 http cache https://registry.npmjs.org/jiti 93ms (cache hit)
271 silly packumentCache full:https://registry.npmjs.org/jiti set size:387989 disposed:false
272 silly fetch manifest tailwindcss@^3.4.17
273 silly packumentCache full:https://registry.npmjs.org/tailwindcss cache-miss
274 http fetch GET 200 https://registry.npmjs.org/tailwindcss 718ms (cache miss)
275 silly packumentCache full:https://registry.npmjs.org/tailwindcss set size:undefined disposed:false
276 silly fetch manifest typescript@~5.7.2
277 silly packumentCache full:https://registry.npmjs.org/typescript cache-miss
278 http fetch GET 200 https://registry.npmjs.org/typescript 717ms (cache miss)
279 silly packumentCache full:https://registry.npmjs.org/typescript set size:undefined disposed:false
280 silly fetch manifest typescript-eslint@^8.22.0
281 silly packumentCache full:https://registry.npmjs.org/typescript-eslint cache-miss
282 http fetch GET 200 https://registry.npmjs.org/typescript-eslint 469ms (cache miss)
283 silly packumentCache full:https://registry.npmjs.org/typescript-eslint set size:undefined disposed:false
284 silly placeDep ROOT @eslint/js@9.39.5 OK for: client want: ^9.19.0
285 silly placeDep ROOT @supabase/supabase-js@2.111.0 OK for: client want: ^2.49.4
286 silly placeDep ROOT @tanstack/react-query@5.101.4 OK for: client want: ^5.66.9
287 silly placeDep ROOT react@19.2.8 OK for: @tanstack/react-query@5.101.4 want: ^18 || ^19
288 silly placeDep ROOT @types/react@19.2.18 OK for: client want: ^19.0.8
289 silly placeDep ROOT @types/react-dom@19.2.4 OK for: client want: ^19.0.3
290 silly placeDep ROOT @vitejs/plugin-react@4.7.0 OK for: client want: ^4.4.1
291 silly placeDep ROOT vite@6.4.3 OK for: @vitejs/plugin-react@4.7.0 want: ^4.2.0 || ^5.0.0 || ^6.0.0 || ^7.0.0
292 silly placeDep ROOT autoprefixer@10.5.4 OK for: client want: ^10.4.20
293 silly placeDep ROOT postcss@8.5.25 OK for: autoprefixer@10.5.4 want: ^8.1.0
294 silly placeDep ROOT eslint@9.39.5 OK for: client want: ^9.19.0
295 silly placeDep ROOT framer-motion@12.43.0 OK for: client want: ^12.4.7
296 silly placeDep ROOT lucide-react@0.475.0 OK for: client want: ^0.475.0
297 silly placeDep ROOT react-dom@19.2.8 OK for: client want: ^19.0.0
298 silly placeDep ROOT react-router-dom@7.18.2 OK for: client want: ^7.2.0
299 silly placeDep ROOT tailwindcss@3.4.19 OK for: client want: ^3.4.17
300 silly placeDep ROOT typescript@5.7.3 OK for: client want: ~5.7.2
301 silly placeDep ROOT typescript-eslint@8.65.0 OK for: client want: ^8.22.0
302 silly fetch manifest @supabase/auth-js@2.111.0
303 silly packumentCache full:https://registry.npmjs.org/@supabase%2fauth-js cache-miss
304 silly fetch manifest @supabase/storage-js@2.111.0
305 silly packumentCache full:https://registry.npmjs.org/@supabase%2fstorage-js cache-miss
306 silly fetch manifest @supabase/realtime-js@2.111.0
307 silly packumentCache full:https://registry.npmjs.org/@supabase%2frealtime-js cache-miss
308 http fetch GET 200 https://registry.npmjs.org/@supabase%2fstorage-js 167ms (cache miss)
309 silly packumentCache full:https://registry.npmjs.org/@supabase%2fstorage-js set size:undefined disposed:false
310 silly fetch manifest @supabase/functions-js@2.111.0
311 silly packumentCache full:https://registry.npmjs.org/@supabase%2ffunctions-js cache-miss
312 http fetch GET 200 https://registry.npmjs.org/@supabase%2frealtime-js 198ms (cache miss)
313 silly packumentCache full:https://registry.npmjs.org/@supabase%2frealtime-js set size:undefined disposed:false
314 silly fetch manifest @supabase/postgrest-js@2.111.0
315 silly packumentCache full:https://registry.npmjs.org/@supabase%2fpostgrest-js cache-miss
316 http fetch GET 200 https://registry.npmjs.org/@supabase%2ffunctions-js 176ms (cache miss)
317 silly packumentCache full:https://registry.npmjs.org/@supabase%2ffunctions-js set size:undefined disposed:false
318 silly fetch manifest @tanstack/query-core@5.101.4
319 silly packumentCache full:https://registry.npmjs.org/@tanstack%2fquery-core cache-miss
320 http fetch GET 200 https://registry.npmjs.org/@supabase%2fpostgrest-js 178ms (cache miss)
321 silly packumentCache full:https://registry.npmjs.org/@supabase%2fpostgrest-js set size:undefined disposed:false
322 silly fetch manifest csstype@^3.2.2
323 silly packumentCache full:https://registry.npmjs.org/csstype cache-miss
324 http fetch GET 200 https://registry.npmjs.org/csstype 106ms (cache miss)
325 silly packumentCache full:https://registry.npmjs.org/csstype set size:undefined disposed:false
326 silly fetch manifest @babel/core@^7.28.0
327 silly packumentCache full:https://registry.npmjs.org/@babel%2fcore cache-miss
328 http fetch GET 200 https://registry.npmjs.org/@tanstack%2fquery-core 242ms (cache miss)
329 silly packumentCache full:https://registry.npmjs.org/@tanstack%2fquery-core set size:undefined disposed:false
330 silly fetch manifest react-refresh@^0.17.0
331 silly packumentCache full:https://registry.npmjs.org/react-refresh cache-miss
332 http fetch GET 200 https://registry.npmjs.org/@babel%2fcore 201ms (cache miss)
333 silly packumentCache full:https://registry.npmjs.org/@babel%2fcore set size:undefined disposed:false
334 silly fetch manifest @types/babel__core@^7.20.5
335 silly packumentCache full:https://registry.npmjs.org/@types%2fbabel__core cache-miss
336 http fetch GET 200 https://registry.npmjs.org/@supabase%2fauth-js 744ms (cache miss)
337 silly packumentCache full:https://registry.npmjs.org/@supabase%2fauth-js set size:undefined disposed:false
338 silly fetch manifest @rolldown/pluginutils@1.0.0-beta.27
339 silly packumentCache full:https://registry.npmjs.org/@rolldown%2fpluginutils cache-miss
340 http fetch GET 200 https://registry.npmjs.org/@rolldown%2fpluginutils 196ms (cache miss)
341 silly packumentCache full:https://registry.npmjs.org/@rolldown%2fpluginutils set size:undefined disposed:false
342 silly fetch manifest @babel/plugin-transform-react-jsx-self@^7.27.1
343 silly packumentCache full:https://registry.npmjs.org/@babel%2fplugin-transform-react-jsx-self cache-miss
344 http fetch GET 200 https://registry.npmjs.org/@types%2fbabel__core 368ms (cache miss)
345 silly packumentCache full:https://registry.npmjs.org/@types%2fbabel__core set size:undefined disposed:false
346 silly fetch manifest @babel/plugin-transform-react-jsx-source@^7.27.1
347 silly packumentCache full:https://registry.npmjs.org/@babel%2fplugin-transform-react-jsx-source cache-miss
348 http fetch GET 200 https://registry.npmjs.org/@babel%2fplugin-transform-react-jsx-self 141ms (cache miss)
349 silly packumentCache full:https://registry.npmjs.org/@babel%2fplugin-transform-react-jsx-self set size:undefined disposed:false
350 silly fetch manifest fdir@^6.4.4
351 silly packumentCache full:https://registry.npmjs.org/fdir cache-miss
352 http fetch GET 200 https://registry.npmjs.org/react-refresh 508ms (cache miss)
353 silly packumentCache full:https://registry.npmjs.org/react-refresh set size:undefined disposed:false
354 silly fetch manifest rollup@^4.34.9
355 silly packumentCache full:https://registry.npmjs.org/rollup cache-miss
356 http fetch GET 200 https://registry.npmjs.org/fdir 189ms (cache miss)
357 silly packumentCache full:https://registry.npmjs.org/fdir set size:undefined disposed:false
358 silly fetch manifest esbuild@^0.25.0
359 silly packumentCache full:https://registry.npmjs.org/esbuild cache-miss
360 http fetch GET 200 https://registry.npmjs.org/@babel%2fplugin-transform-react-jsx-source 218ms (cache miss)
361 silly packumentCache full:https://registry.npmjs.org/@babel%2fplugin-transform-react-jsx-source set size:undefined disposed:false
362 silly fetch manifest postcss@^8.5.3
363 silly packumentCache full:https://registry.npmjs.org/postcss cache-miss
364 http cache https://registry.npmjs.org/postcss 36ms (cache hit)
365 silly packumentCache full:https://registry.npmjs.org/postcss set size:756623 disposed:false
366 silly fetch manifest picomatch@^4.0.2
367 silly packumentCache full:https://registry.npmjs.org/picomatch cache-miss
368 http fetch GET 200 https://registry.npmjs.org/rollup 263ms (cache miss)
369 silly packumentCache full:https://registry.npmjs.org/rollup set size:undefined disposed:false
370 silly fetch manifest tinyglobby@^0.2.13
371 silly packumentCache full:https://registry.npmjs.org/tinyglobby cache-miss
372 http fetch GET 200 https://registry.npmjs.org/tinyglobby 903ms (cache miss)
373 silly packumentCache full:https://registry.npmjs.org/tinyglobby set size:undefined disposed:false
374 silly fetch manifest fsevents@~2.3.3
375 silly packumentCache full:https://registry.npmjs.org/fsevents cache-miss
376 http fetch GET 200 https://registry.npmjs.org/picomatch 1032ms (cache miss)
377 silly packumentCache full:https://registry.npmjs.org/picomatch set size:undefined disposed:false
378 silly fetch manifest picocolors@^1.1.1
379 silly packumentCache full:https://registry.npmjs.org/picocolors cache-miss
380 http fetch GET 200 https://registry.npmjs.org/esbuild 1120ms (cache miss)
381 silly packumentCache full:https://registry.npmjs.org/esbuild set size:undefined disposed:false
382 silly fetch manifest fraction.js@^5.3.4
383 silly packumentCache full:https://registry.npmjs.org/fraction.js cache-miss
384 http fetch GET 200 https://registry.npmjs.org/picocolors 142ms (cache miss)
385 silly packumentCache full:https://registry.npmjs.org/picocolors set size:undefined disposed:false
386 silly fetch manifest browserslist@^4.28.6
387 silly packumentCache full:https://registry.npmjs.org/browserslist cache-miss
388 http fetch GET 200 https://registry.npmjs.org/fsevents 183ms (cache miss)
389 silly packumentCache full:https://registry.npmjs.org/fsevents set size:undefined disposed:false
390 silly fetch manifest caniuse-lite@^1.0.30001806
391 silly packumentCache full:https://registry.npmjs.org/caniuse-lite cache-miss
392 http fetch GET 200 https://registry.npmjs.org/fraction.js 514ms (cache miss)
393 silly packumentCache full:https://registry.npmjs.org/fraction.js set size:undefined disposed:false
394 silly fetch manifest postcss-value-parser@^4.2.0
395 silly packumentCache full:https://registry.npmjs.org/postcss-value-parser cache-miss
396 http fetch GET 200 https://registry.npmjs.org/browserslist 430ms (cache miss)
397 silly packumentCache full:https://registry.npmjs.org/browserslist set size:undefined disposed:false
398 silly fetch manifest nanoid@^3.3.16
399 silly packumentCache full:https://registry.npmjs.org/nanoid cache-miss
400 http fetch GET 200 https://registry.npmjs.org/caniuse-lite 457ms (cache miss)
401 silly packumentCache full:https://registry.npmjs.org/caniuse-lite set size:undefined disposed:false
402 silly fetch manifest source-map-js@^1.2.1
403 silly packumentCache full:https://registry.npmjs.org/source-map-js cache-miss
404 http fetch GET 200 https://registry.npmjs.org/postcss-value-parser 171ms (cache miss)
405 silly packumentCache full:https://registry.npmjs.org/postcss-value-parser set size:undefined disposed:false
406 silly fetch manifest ajv@^6.14.0
407 silly packumentCache full:https://registry.npmjs.org/ajv cache-miss
408 http fetch GET 200 https://registry.npmjs.org/nanoid 142ms (cache miss)
409 silly packumentCache full:https://registry.npmjs.org/nanoid set size:undefined disposed:false
410 silly fetch manifest debug@^4.3.2
411 silly packumentCache full:https://registry.npmjs.org/debug cache-miss
412 http fetch GET 200 https://registry.npmjs.org/source-map-js 98ms (cache miss)
413 silly packumentCache full:https://registry.npmjs.org/source-map-js set size:undefined disposed:false
414 silly fetch manifest espree@^10.4.0
415 silly packumentCache full:https://registry.npmjs.org/espree cache-miss
416 http fetch GET 200 https://registry.npmjs.org/debug 103ms (cache miss)
417 silly packumentCache full:https://registry.npmjs.org/debug set size:undefined disposed:false
418 silly fetch manifest ignore@^5.2.0
419 silly packumentCache full:https://registry.npmjs.org/ignore cache-miss
420 http fetch GET 200 https://registry.npmjs.org/espree 94ms (cache miss)
421 silly packumentCache full:https://registry.npmjs.org/espree set size:undefined disposed:false
422 silly fetch manifest esquery@^1.5.0
423 silly packumentCache full:https://registry.npmjs.org/esquery cache-miss
424 http fetch GET 200 https://registry.npmjs.org/ajv 140ms (cache miss)
425 silly packumentCache full:https://registry.npmjs.org/ajv set size:undefined disposed:false
426 silly fetch manifest esutils@^2.0.2
427 silly packumentCache full:https://registry.npmjs.org/esutils cache-miss
428 http fetch GET 200 https://registry.npmjs.org/ignore 69ms (cache miss)
429 silly packumentCache full:https://registry.npmjs.org/ignore set size:undefined disposed:false
430 silly fetch manifest find-up@^5.0.0
431 silly packumentCache full:https://registry.npmjs.org/find-up cache-miss
432 http fetch GET 200 https://registry.npmjs.org/esquery 70ms (cache miss)
433 silly packumentCache full:https://registry.npmjs.org/esquery set size:undefined disposed:false
434 silly fetch manifest is-glob@^4.0.0
435 silly packumentCache full:https://registry.npmjs.org/is-glob cache-miss
436 http fetch GET 200 https://registry.npmjs.org/esutils 59ms (cache miss)
437 silly packumentCache full:https://registry.npmjs.org/esutils set size:undefined disposed:false
438 silly fetch manifest minimatch@^3.1.5
439 silly packumentCache full:https://registry.npmjs.org/minimatch cache-miss
440 http fetch GET 200 https://registry.npmjs.org/find-up 71ms (cache miss)
441 silly packumentCache full:https://registry.npmjs.org/find-up set size:undefined disposed:false
442 silly fetch manifest optionator@^0.9.3
443 silly packumentCache full:https://registry.npmjs.org/optionator cache-miss
444 http fetch GET 200 https://registry.npmjs.org/is-glob 99ms (cache miss)
445 silly packumentCache full:https://registry.npmjs.org/is-glob set size:undefined disposed:false
446 silly fetch manifest cross-spawn@^7.0.6
447 silly packumentCache full:https://registry.npmjs.org/cross-spawn cache-miss
448 http fetch GET 200 https://registry.npmjs.org/minimatch 96ms (cache miss)
449 silly packumentCache full:https://registry.npmjs.org/minimatch set size:undefined disposed:false
450 silly fetch manifest glob-parent@^6.0.2
451 silly packumentCache full:https://registry.npmjs.org/glob-parent cache-miss
452 http fetch GET 200 https://registry.npmjs.org/glob-parent 313ms (cache miss)
453 silly packumentCache full:https://registry.npmjs.org/glob-parent set size:undefined disposed:false
454 silly fetch manifest imurmurhash@^0.1.4
455 silly packumentCache full:https://registry.npmjs.org/imurmurhash cache-miss
456 http fetch GET 200 https://registry.npmjs.org/optionator 368ms (cache miss)
457 silly packumentCache full:https://registry.npmjs.org/optionator set size:undefined disposed:false
458 silly fetch manifest @eslint/core@^0.17.0
459 silly packumentCache full:https://registry.npmjs.org/@eslint%2fcore cache-miss
460 http fetch GET 200 https://registry.npmjs.org/cross-spawn 337ms (cache miss)
461 silly packumentCache full:https://registry.npmjs.org/cross-spawn set size:undefined disposed:false
462 silly fetch manifest eslint-scope@^8.4.0
463 silly packumentCache full:https://registry.npmjs.org/eslint-scope cache-miss
464 http fetch GET 200 https://registry.npmjs.org/imurmurhash 285ms (cache miss)
465 silly packumentCache full:https://registry.npmjs.org/imurmurhash set size:undefined disposed:false
466 silly fetch manifest lodash.merge@^4.6.2
467 silly packumentCache full:https://registry.npmjs.org/lodash.merge cache-miss
468 http fetch GET 200 https://registry.npmjs.org/eslint-scope 277ms (cache miss)
469 silly packumentCache full:https://registry.npmjs.org/eslint-scope set size:undefined disposed:false
470 silly fetch manifest @humanfs/node@^0.16.6
471 silly packumentCache full:https://registry.npmjs.org/@humanfs%2fnode cache-miss
472 http fetch GET 200 https://registry.npmjs.org/@eslint%2fcore 293ms (cache miss)
473 silly packumentCache full:https://registry.npmjs.org/@eslint%2fcore set size:undefined disposed:false
474 silly fetch manifest @types/estree@^1.0.6
475 silly packumentCache full:https://registry.npmjs.org/@types%2festree cache-miss
476 http fetch GET 200 https://registry.npmjs.org/lodash.merge 94ms (cache miss)
477 silly packumentCache full:https://registry.npmjs.org/lodash.merge set size:undefined disposed:false
478 silly fetch manifest fast-deep-equal@^3.1.3
479 silly packumentCache full:https://registry.npmjs.org/fast-deep-equal cache-miss
480 http fetch GET 200 https://registry.npmjs.org/@humanfs%2fnode 90ms (cache miss)
481 silly packumentCache full:https://registry.npmjs.org/@humanfs%2fnode set size:undefined disposed:false
482 silly fetch manifest natural-compare@^1.4.0
483 silly packumentCache full:https://registry.npmjs.org/natural-compare cache-miss
484 http fetch GET 200 https://registry.npmjs.org/fast-deep-equal 147ms (cache miss)
485 silly packumentCache full:https://registry.npmjs.org/fast-deep-equal set size:undefined disposed:false
486 silly fetch manifest @eslint/eslintrc@^3.3.6
487 silly packumentCache full:https://registry.npmjs.org/@eslint%2feslintrc cache-miss
488 http fetch GET 200 https://registry.npmjs.org/natural-compare 158ms (cache miss)
489 silly packumentCache full:https://registry.npmjs.org/natural-compare set size:undefined disposed:false
490 silly fetch manifest file-entry-cache@^8.0.0
491 silly packumentCache full:https://registry.npmjs.org/file-entry-cache cache-miss
492 http fetch GET 200 https://registry.npmjs.org/@types%2festree 249ms (cache miss)
493 silly packumentCache full:https://registry.npmjs.org/@types%2festree set size:undefined disposed:false
494 silly fetch manifest @eslint/plugin-kit@^0.4.1
495 silly packumentCache full:https://registry.npmjs.org/@eslint%2fplugin-kit cache-miss
496 http fetch GET 200 https://registry.npmjs.org/file-entry-cache 504ms (cache miss)
497 silly packumentCache full:https://registry.npmjs.org/file-entry-cache set size:undefined disposed:false
498 silly fetch manifest eslint-visitor-keys@^4.2.1
499 silly packumentCache full:https://registry.npmjs.org/eslint-visitor-keys cache-miss
500 http fetch GET 200 https://registry.npmjs.org/@eslint%2feslintrc 532ms (cache miss)
501 silly packumentCache full:https://registry.npmjs.org/@eslint%2feslintrc set size:undefined disposed:false
502 silly fetch manifest @eslint/config-array@^0.21.2
503 silly packumentCache full:https://registry.npmjs.org/@eslint%2fconfig-array cache-miss
504 http fetch GET 200 https://registry.npmjs.org/@eslint%2fplugin-kit 529ms (cache miss)
505 silly packumentCache full:https://registry.npmjs.org/@eslint%2fplugin-kit set size:undefined disposed:false
506 silly fetch manifest @humanwhocodes/retry@^0.4.2
507 silly packumentCache full:https://registry.npmjs.org/@humanwhocodes%2fretry cache-miss
508 http fetch GET 200 https://registry.npmjs.org/eslint-visitor-keys 284ms (cache miss)
509 silly packumentCache full:https://registry.npmjs.org/eslint-visitor-keys set size:undefined disposed:false
510 silly fetch manifest escape-string-regexp@^4.0.0
511 silly packumentCache full:https://registry.npmjs.org/escape-string-regexp cache-miss
512 http fetch GET 200 https://registry.npmjs.org/@eslint%2fconfig-array 277ms (cache miss)
513 silly packumentCache full:https://registry.npmjs.org/@eslint%2fconfig-array set size:undefined disposed:false
514 silly fetch manifest @eslint/config-helpers@^0.4.2
515 silly packumentCache full:https://registry.npmjs.org/@eslint%2fconfig-helpers cache-miss
516 http fetch GET 200 https://registry.npmjs.org/escape-string-regexp 323ms (cache miss)
517 silly packumentCache full:https://registry.npmjs.org/escape-string-regexp set size:undefined disposed:false
518 silly fetch manifest @eslint-community/regexpp@^4.12.1
519 silly packumentCache full:https://registry.npmjs.org/@eslint-community%2fregexpp cache-miss
520 http fetch GET 200 https://registry.npmjs.org/@eslint%2fconfig-helpers 323ms (cache miss)
521 silly packumentCache full:https://registry.npmjs.org/@eslint%2fconfig-helpers set size:undefined disposed:false
522 silly fetch manifest @eslint-community/eslint-utils@^4.8.0
523 silly packumentCache full:https://registry.npmjs.org/@eslint-community%2feslint-utils cache-miss
524 http fetch GET 200 https://registry.npmjs.org/@humanwhocodes%2fretry 801ms (cache miss)
525 silly packumentCache full:https://registry.npmjs.org/@humanwhocodes%2fretry set size:undefined disposed:false
526 silly fetch manifest @humanwhocodes/module-importer@^1.0.1
527 silly packumentCache full:https://registry.npmjs.org/@humanwhocodes%2fmodule-importer cache-miss
528 http fetch GET 200 https://registry.npmjs.org/@eslint-community%2feslint-utils 473ms (cache miss)
529 silly packumentCache full:https://registry.npmjs.org/@eslint-community%2feslint-utils set size:undefined disposed:false
530 silly fetch manifest json-stable-stringify-without-jsonify@^1.0.1
531 silly packumentCache full:https://registry.npmjs.org/json-stable-stringify-without-jsonify cache-miss
532 http fetch GET 200 https://registry.npmjs.org/@humanwhocodes%2fmodule-importer 280ms (cache miss)
533 silly packumentCache full:https://registry.npmjs.org/@humanwhocodes%2fmodule-importer set size:undefined disposed:false
534 silly fetch manifest motion-dom@^12.43.0
535 silly packumentCache full:https://registry.npmjs.org/motion-dom cache-miss
536 http fetch GET 200 https://registry.npmjs.org/@eslint-community%2fregexpp 500ms (cache miss)
537 silly packumentCache full:https://registry.npmjs.org/@eslint-community%2fregexpp set size:undefined disposed:false
538 silly fetch manifest motion-utils@^12.39.0
539 silly packumentCache full:https://registry.npmjs.org/motion-utils cache-miss
540 http fetch GET 200 https://registry.npmjs.org/json-stable-stringify-without-jsonify 99ms (cache miss)
541 silly packumentCache full:https://registry.npmjs.org/json-stable-stringify-without-jsonify set size:undefined disposed:false
542 silly fetch manifest scheduler@^0.27.0
543 silly packumentCache full:https://registry.npmjs.org/scheduler cache-miss
544 http fetch GET 200 https://registry.npmjs.org/motion-utils 91ms (cache miss)
545 silly packumentCache full:https://registry.npmjs.org/motion-utils set size:undefined disposed:false
546 silly fetch manifest react-router@7.18.2
547 silly packumentCache full:https://registry.npmjs.org/react-router cache-miss
548 http fetch GET 200 https://registry.npmjs.org/motion-dom 104ms (cache miss)
549 silly packumentCache full:https://registry.npmjs.org/motion-dom set size:undefined disposed:false
550 silly fetch manifest arg@^5.0.2
551 silly packumentCache full:https://registry.npmjs.org/arg cache-miss
552 http fetch GET 200 https://registry.npmjs.org/arg 113ms (cache miss)
553 silly packumentCache full:https://registry.npmjs.org/arg set size:undefined disposed:false
554 silly fetch manifest dlv@^1.1.3
555 silly packumentCache full:https://registry.npmjs.org/dlv cache-miss
556 http fetch GET 200 https://registry.npmjs.org/dlv 386ms (cache miss)
557 silly packumentCache full:https://registry.npmjs.org/dlv set size:undefined disposed:false
558 silly fetch manifest jiti@^1.21.7
559 silly packumentCache full:https://registry.npmjs.org/jiti cache-hit
560 silly fetch manifest is-glob@^4.0.3
561 silly packumentCache full:https://registry.npmjs.org/is-glob cache-miss
562 http cache https://registry.npmjs.org/is-glob 13ms (cache hit)
563 silly packumentCache full:https://registry.npmjs.org/is-glob set size:40530 disposed:false
564 silly fetch manifest resolve@^1.22.8
565 silly packumentCache full:https://registry.npmjs.org/resolve cache-miss
566 http fetch GET 200 https://registry.npmjs.org/react-router 647ms (cache miss)
567 silly packumentCache full:https://registry.npmjs.org/react-router set size:undefined disposed:false
568 silly fetch manifest sucrase@^3.35.0
569 silly packumentCache full:https://registry.npmjs.org/sucrase cache-miss
570 http fetch GET 200 https://registry.npmjs.org/resolve 165ms (cache miss)
571 silly packumentCache full:https://registry.npmjs.org/resolve set size:undefined disposed:false
572 silly fetch manifest chokidar@^3.6.0
573 silly packumentCache full:https://registry.npmjs.org/chokidar cache-miss
574 http fetch GET 200 https://registry.npmjs.org/chokidar 220ms (cache miss)
575 silly packumentCache full:https://registry.npmjs.org/chokidar set size:undefined disposed:false
576 silly fetch manifest fast-glob@^3.3.2
577 silly packumentCache full:https://registry.npmjs.org/fast-glob cache-miss
578 http fetch GET 200 https://registry.npmjs.org/sucrase 262ms (cache miss)
579 silly packumentCache full:https://registry.npmjs.org/sucrase set size:undefined disposed:false
580 silly fetch manifest lilconfig@^3.1.3
581 silly packumentCache full:https://registry.npmjs.org/lilconfig cache-miss
582 http fetch GET 200 https://registry.npmjs.org/fast-glob 150ms (cache miss)
583 silly packumentCache full:https://registry.npmjs.org/fast-glob set size:undefined disposed:false
584 silly fetch manifest didyoumean@^1.2.2
585 silly packumentCache full:https://registry.npmjs.org/didyoumean cache-miss
586 http fetch GET 200 https://registry.npmjs.org/scheduler 1109ms (cache miss)
587 silly packumentCache full:https://registry.npmjs.org/scheduler set size:undefined disposed:false
588 silly fetch manifest micromatch@^4.0.8
589 silly packumentCache full:https://registry.npmjs.org/micromatch cache-miss
590 http fetch GET 200 https://registry.npmjs.org/lilconfig 281ms (cache miss)
591 silly packumentCache full:https://registry.npmjs.org/lilconfig set size:undefined disposed:false
592 silly fetch manifest postcss-js@^4.0.1
593 silly packumentCache full:https://registry.npmjs.org/postcss-js cache-miss
594 http fetch GET 200 https://registry.npmjs.org/didyoumean 158ms (cache miss)
595 silly packumentCache full:https://registry.npmjs.org/didyoumean set size:undefined disposed:false
596 silly fetch manifest object-hash@^3.0.0
597 silly packumentCache full:https://registry.npmjs.org/object-hash cache-miss
598 http fetch GET 200 https://registry.npmjs.org/micromatch 134ms (cache miss)
599 silly packumentCache full:https://registry.npmjs.org/micromatch set size:undefined disposed:false
600 silly fetch manifest normalize-path@^3.0.0
601 silly packumentCache full:https://registry.npmjs.org/normalize-path cache-miss
602 http fetch GET 200 https://registry.npmjs.org/postcss-js 79ms (cache miss)
603 silly packumentCache full:https://registry.npmjs.org/postcss-js set size:undefined disposed:false
604 silly fetch manifest postcss-import@^15.1.0
605 silly packumentCache full:https://registry.npmjs.org/postcss-import cache-miss
606 http fetch GET 200 https://registry.npmjs.org/object-hash 69ms (cache miss)
607 silly packumentCache full:https://registry.npmjs.org/object-hash set size:undefined disposed:false
608 silly fetch manifest postcss-nested@^6.2.0
609 silly packumentCache full:https://registry.npmjs.org/postcss-nested cache-miss
610 http fetch GET 200 https://registry.npmjs.org/normalize-path 66ms (cache miss)
611 silly packumentCache full:https://registry.npmjs.org/normalize-path set size:undefined disposed:false
612 silly fetch manifest @alloc/quick-lru@^5.2.0
613 silly packumentCache full:https://registry.npmjs.org/@alloc%2fquick-lru cache-miss
614 http fetch GET 200 https://registry.npmjs.org/postcss-nested 148ms (cache miss)
615 silly packumentCache full:https://registry.npmjs.org/postcss-nested set size:undefined disposed:false
616 silly fetch manifest postcss-load-config@^4.0.2 || ^5.0 || ^6.0
617 silly packumentCache full:https://registry.npmjs.org/postcss-load-config cache-miss
618 http fetch GET 200 https://registry.npmjs.org/postcss-import 167ms (cache miss)
619 silly packumentCache full:https://registry.npmjs.org/postcss-import set size:undefined disposed:false
620 silly fetch manifest postcss-selector-parser@^6.1.2
621 silly packumentCache full:https://registry.npmjs.org/postcss-selector-parser cache-miss
622 http fetch GET 200 https://registry.npmjs.org/postcss-load-config 270ms (cache miss)
623 silly packumentCache full:https://registry.npmjs.org/postcss-load-config set size:undefined disposed:false
624 silly fetch manifest @typescript-eslint/utils@8.65.0
625 silly packumentCache full:https://registry.npmjs.org/@typescript-eslint%2futils cache-miss
626 http fetch GET 200 https://registry.npmjs.org/postcss-selector-parser 270ms (cache miss)
627 silly packumentCache full:https://registry.npmjs.org/postcss-selector-parser set size:undefined disposed:false
628 silly fetch manifest @typescript-eslint/parser@8.65.0
629 silly packumentCache full:https://registry.npmjs.org/@typescript-eslint%2fparser cache-miss
630 http fetch GET 200 https://registry.npmjs.org/@alloc%2fquick-lru 638ms (cache miss)
631 silly packumentCache full:https://registry.npmjs.org/@alloc%2fquick-lru set size:undefined disposed:false
632 silly fetch manifest @typescript-eslint/eslint-plugin@8.65.0
633 silly packumentCache full:https://registry.npmjs.org/@typescript-eslint%2feslint-plugin cache-miss
634 http fetch GET 200 https://registry.npmjs.org/@typescript-eslint%2futils 1378ms (cache miss)
635 silly packumentCache full:https://registry.npmjs.org/@typescript-eslint%2futils set size:undefined disposed:false
636 silly fetch manifest @typescript-eslint/typescript-estree@8.65.0
637 silly packumentCache full:https://registry.npmjs.org/@typescript-eslint%2ftypescript-estree cache-miss
638 http fetch GET 200 https://registry.npmjs.org/@typescript-eslint%2ftypescript-estree 2296ms (cache miss)
639 silly packumentCache full:https://registry.npmjs.org/@typescript-eslint%2ftypescript-estree set size:undefined disposed:false
640 http fetch GET 200 https://registry.npmjs.org/@typescript-eslint%2fparser 3842ms (cache miss)
641 silly packumentCache full:https://registry.npmjs.org/@typescript-eslint%2fparser set size:undefined disposed:false
642 http fetch GET 200 https://registry.npmjs.org/@typescript-eslint%2feslint-plugin 3749ms (cache miss)
643 silly packumentCache full:https://registry.npmjs.org/@typescript-eslint%2feslint-plugin set size:undefined disposed:false
644 silly fetch manifest cors@^2.8.5
645 silly packumentCache full:https://registry.npmjs.org/cors cache-miss
646 http fetch GET 200 https://registry.npmjs.org/cors 92ms (cache miss)
647 silly packumentCache full:https://registry.npmjs.org/cors set size:undefined disposed:false
648 silly fetch manifest dotenv@^16.4.7
649 silly packumentCache full:https://registry.npmjs.org/dotenv cache-miss
650 http fetch GET 200 https://registry.npmjs.org/dotenv 78ms (cache miss)
651 silly packumentCache full:https://registry.npmjs.org/dotenv set size:undefined disposed:false
652 silly fetch manifest express@^4.21.2
653 silly packumentCache full:https://registry.npmjs.org/express cache-miss
654 http fetch GET 200 https://registry.npmjs.org/express 304ms (cache miss)
655 silly packumentCache full:https://registry.npmjs.org/express set size:undefined disposed:false
656 silly fetch manifest express-rate-limit@^7.5.0
657 silly packumentCache full:https://registry.npmjs.org/express-rate-limit cache-miss
658 http fetch GET 200 https://registry.npmjs.org/express-rate-limit 358ms (cache miss)
659 silly packumentCache full:https://registry.npmjs.org/express-rate-limit set size:undefined disposed:false
660 silly fetch manifest helmet@^8.0.0
661 silly packumentCache full:https://registry.npmjs.org/helmet cache-miss
662 http fetch GET 200 https://registry.npmjs.org/helmet 94ms (cache miss)
663 silly packumentCache full:https://registry.npmjs.org/helmet set size:undefined disposed:false
664 silly fetch manifest morgan@^1.10.0
665 silly packumentCache full:https://registry.npmjs.org/morgan cache-miss
666 http fetch GET 200 https://registry.npmjs.org/morgan 200ms (cache miss)
667 silly packumentCache full:https://registry.npmjs.org/morgan set size:undefined disposed:false
668 silly fetch manifest zod@^3.24.2
669 silly packumentCache full:https://registry.npmjs.org/zod cache-miss
670 http fetch GET 200 https://registry.npmjs.org/zod 190ms (cache miss)
671 silly packumentCache full:https://registry.npmjs.org/zod set size:undefined disposed:false
672 silly fetch manifest @types/cors@^2.8.17
673 silly packumentCache full:https://registry.npmjs.org/@types%2fcors cache-miss
674 http fetch GET 200 https://registry.npmjs.org/@types%2fcors 103ms (cache miss)
675 silly packumentCache full:https://registry.npmjs.org/@types%2fcors set size:undefined disposed:false
676 silly fetch manifest @types/express@^5.0.0
677 silly packumentCache full:https://registry.npmjs.org/@types%2fexpress cache-miss
678 http fetch GET 200 https://registry.npmjs.org/@types%2fexpress 88ms (cache miss)
679 silly packumentCache full:https://registry.npmjs.org/@types%2fexpress set size:undefined disposed:false
680 silly fetch manifest @types/morgan@^1.9.9
681 silly packumentCache full:https://registry.npmjs.org/@types%2fmorgan cache-miss
682 http fetch GET 200 https://registry.npmjs.org/@types%2fmorgan 79ms (cache miss)
683 silly packumentCache full:https://registry.npmjs.org/@types%2fmorgan set size:undefined disposed:false
684 silly fetch manifest tsx@^4.19.2
685 silly packumentCache full:https://registry.npmjs.org/tsx cache-miss
686 http cache https://registry.npmjs.org/tsx 33ms (cache hit)
687 silly packumentCache full:https://registry.npmjs.org/tsx set size:320226 disposed:false
688 silly placeDep ROOT @types/cors@2.8.19 OK for: server want: ^2.8.17
689 silly placeDep ROOT @types/express@5.0.6 OK for: server want: ^5.0.0
690 silly placeDep ROOT @types/morgan@1.9.10 OK for: server want: ^1.9.9
691 silly placeDep ROOT cors@2.8.6 OK for: server want: ^2.8.5
692 silly placeDep ROOT dotenv@16.6.1 OK for: server want: ^16.4.7
693 silly placeDep ROOT express@4.22.2 OK for: server want: ^4.21.2
694 silly placeDep ROOT express-rate-limit@7.5.1 OK for: server want: ^7.5.0
695 silly placeDep ROOT helmet@8.3.0 OK for: server want: ^8.0.0
696 silly placeDep ROOT morgan@1.11.0 OK for: server want: ^1.10.0
697 silly placeDep ROOT tsx@4.23.4 OK for: server want: ^4.19.2
698 silly placeDep ROOT zod@3.25.76 OK for: server want: ^3.24.2
699 silly fetch manifest @types/node@*
700 silly packumentCache full:https://registry.npmjs.org/@types%2fnode cache-miss
701 silly fetch manifest @types/body-parser@*
702 silly packumentCache full:https://registry.npmjs.org/@types%2fbody-parser cache-miss
703 silly fetch manifest @types/serve-static@^2
704 silly packumentCache full:https://registry.npmjs.org/@types%2fserve-static cache-miss
705 http cache https://registry.npmjs.org/@types%2fnode 39ms (cache hit)
706 silly packumentCache full:https://registry.npmjs.org/@types%2fnode set size:11084776 disposed:false
707 silly fetch manifest @types/express-serve-static-core@^5.0.0
708 silly packumentCache full:https://registry.npmjs.org/@types%2fexpress-serve-static-core cache-miss
709 http fetch GET 200 https://registry.npmjs.org/@types%2fserve-static 194ms (cache miss)
710 silly packumentCache full:https://registry.npmjs.org/@types%2fserve-static set size:undefined disposed:false
711 silly fetch manifest object-assign@^4
712 silly packumentCache full:https://registry.npmjs.org/object-assign cache-miss
713 http fetch GET 200 https://registry.npmjs.org/@types%2fbody-parser 200ms (cache miss)
714 silly packumentCache full:https://registry.npmjs.org/@types%2fbody-parser set size:undefined disposed:false
715 silly fetch manifest vary@^1
716 silly packumentCache full:https://registry.npmjs.org/vary cache-miss
717 http fetch GET 200 https://registry.npmjs.org/object-assign 98ms (cache miss)
718 silly packumentCache full:https://registry.npmjs.org/object-assign set size:undefined disposed:false
719 silly fetch manifest qs@~6.15.1
720 silly packumentCache full:https://registry.npmjs.org/qs cache-miss
721 http fetch GET 200 https://registry.npmjs.org/@types%2fexpress-serve-static-core 150ms (cache miss)
722 silly packumentCache full:https://registry.npmjs.org/@types%2fexpress-serve-static-core set size:undefined disposed:false
723 silly fetch manifest depd@2.0.0
724 silly packumentCache full:https://registry.npmjs.org/depd cache-miss
725 http fetch GET 200 https://registry.npmjs.org/vary 151ms (cache miss)
726 silly packumentCache full:https://registry.npmjs.org/vary set size:undefined disposed:false
727 silly fetch manifest etag@~1.8.1
728 silly packumentCache full:https://registry.npmjs.org/etag cache-miss
729 http fetch GET 200 https://registry.npmjs.org/qs 88ms (cache miss)
730 silly packumentCache full:https://registry.npmjs.org/qs set size:undefined disposed:false
731 silly fetch manifest send@~0.19.0
732 silly packumentCache full:https://registry.npmjs.org/send cache-miss
733 http fetch GET 200 https://registry.npmjs.org/etag 79ms (cache miss)
734 silly packumentCache full:https://registry.npmjs.org/etag set size:undefined disposed:false
735 silly fetch manifest vary@~1.1.2
736 silly packumentCache full:https://registry.npmjs.org/vary cache-miss
737 http fetch GET 200 https://registry.npmjs.org/send 76ms (cache miss)
738 silly packumentCache full:https://registry.npmjs.org/send set size:undefined disposed:false
739 silly fetch manifest debug@2.6.9
740 silly packumentCache full:https://registry.npmjs.org/debug cache-miss
741 http fetch GET 200 https://registry.npmjs.org/depd 173ms (cache miss)
742 silly packumentCache full:https://registry.npmjs.org/depd set size:undefined disposed:false
743 silly fetch manifest fresh@~0.5.2
744 silly packumentCache full:https://registry.npmjs.org/fresh cache-miss
745 http cache https://registry.npmjs.org/vary 225ms (cache hit)
746 silly packumentCache full:https://registry.npmjs.org/vary set size:15994 disposed:false
747 silly fetch manifest cookie@~0.7.1
748 silly packumentCache full:https://registry.npmjs.org/cookie cache-miss
749 http cache https://registry.npmjs.org/debug 183ms (cache hit)
750 silly packumentCache full:https://registry.npmjs.org/debug set size:195840 disposed:false
751 silly fetch manifest accepts@~1.3.8
752 silly packumentCache full:https://registry.npmjs.org/accepts cache-miss
753 http fetch GET 200 https://registry.npmjs.org/accepts 419ms (cache miss)
754 silly packumentCache full:https://registry.npmjs.org/accepts set size:undefined disposed:false
755 silly fetch manifest methods@~1.1.2
756 silly packumentCache full:https://registry.npmjs.org/methods cache-miss
757 http fetch GET 200 https://registry.npmjs.org/cookie 433ms (cache miss)
758 silly packumentCache full:https://registry.npmjs.org/cookie set size:undefined disposed:false
759 silly fetch manifest type-is@~1.6.18
760 silly packumentCache full:https://registry.npmjs.org/type-is cache-miss
761 http fetch GET 200 https://registry.npmjs.org/fresh 618ms (cache miss)
762 silly packumentCache full:https://registry.npmjs.org/fresh set size:undefined disposed:false
763 silly fetch manifest parseurl@~1.3.3
764 silly packumentCache full:https://registry.npmjs.org/parseurl cache-miss
765 http fetch GET 200 https://registry.npmjs.org/type-is 100ms (cache miss)
766 silly packumentCache full:https://registry.npmjs.org/type-is set size:undefined disposed:false
767 silly fetch manifest statuses@~2.0.1
768 silly packumentCache full:https://registry.npmjs.org/statuses cache-miss
769 http fetch GET 200 https://registry.npmjs.org/parseurl 106ms (cache miss)
770 silly packumentCache full:https://registry.npmjs.org/parseurl set size:undefined disposed:false
771 silly fetch manifest encodeurl@~2.0.0
772 silly packumentCache full:https://registry.npmjs.org/encodeurl cache-miss
773 http fetch GET 200 https://registry.npmjs.org/statuses 120ms (cache miss)
774 silly packumentCache full:https://registry.npmjs.org/statuses set size:undefined disposed:false
775 silly fetch manifest proxy-addr@~2.0.7
776 silly packumentCache full:https://registry.npmjs.org/proxy-addr cache-miss
777 http fetch GET 200 https://registry.npmjs.org/encodeurl 133ms (cache miss)
778 silly packumentCache full:https://registry.npmjs.org/encodeurl set size:undefined disposed:false
779 silly fetch manifest body-parser@~1.20.5
780 silly packumentCache full:https://registry.npmjs.org/body-parser cache-miss
781 http fetch GET 200 https://registry.npmjs.org/proxy-addr 60ms (cache miss)
782 silly packumentCache full:https://registry.npmjs.org/proxy-addr set size:undefined disposed:false
783 silly fetch manifest escape-html@~1.0.3
784 silly packumentCache full:https://registry.npmjs.org/escape-html cache-miss
785 http fetch GET 200 https://registry.npmjs.org/methods 305ms (cache miss)
786 silly packumentCache full:https://registry.npmjs.org/methods set size:undefined disposed:false
787 silly fetch manifest http-errors@~2.0.0
788 silly packumentCache full:https://registry.npmjs.org/http-errors cache-miss
789 http fetch GET 200 https://registry.npmjs.org/body-parser 97ms (cache miss)
790 silly packumentCache full:https://registry.npmjs.org/body-parser set size:undefined disposed:false
791 silly fetch manifest on-finished@~2.4.1
792 silly packumentCache full:https://registry.npmjs.org/on-finished cache-miss
793 http fetch GET 200 https://registry.npmjs.org/escape-html 100ms (cache miss)
794 silly packumentCache full:https://registry.npmjs.org/escape-html set size:undefined disposed:false
795 silly fetch manifest safe-buffer@5.2.1
796 silly packumentCache full:https://registry.npmjs.org/safe-buffer cache-miss
797 http fetch GET 200 https://registry.npmjs.org/http-errors 105ms (cache miss)
798 silly packumentCache full:https://registry.npmjs.org/http-errors set size:undefined disposed:false
799 silly fetch manifest utils-merge@1.0.1
800 silly packumentCache full:https://registry.npmjs.org/utils-merge cache-miss
801 http fetch GET 200 https://registry.npmjs.org/on-finished 68ms (cache miss)
802 silly packumentCache full:https://registry.npmjs.org/on-finished set size:undefined disposed:false
803 silly fetch manifest content-type@~1.0.4
804 silly packumentCache full:https://registry.npmjs.org/content-type cache-miss
805 http fetch GET 200 https://registry.npmjs.org/safe-buffer 92ms (cache miss)
806 silly packumentCache full:https://registry.npmjs.org/safe-buffer set size:undefined disposed:false
807 silly fetch manifest finalhandler@~1.3.1
808 silly packumentCache full:https://registry.npmjs.org/finalhandler cache-miss
809 http fetch GET 200 https://registry.npmjs.org/utils-merge 94ms (cache miss)
810 silly packumentCache full:https://registry.npmjs.org/utils-merge set size:undefined disposed:false
811 silly fetch manifest range-parser@~1.2.1
812 silly packumentCache full:https://registry.npmjs.org/range-parser cache-miss
813 http fetch GET 200 https://registry.npmjs.org/content-type 86ms (cache miss)
814 silly packumentCache full:https://registry.npmjs.org/content-type set size:undefined disposed:false
815 silly fetch manifest serve-static@~1.16.2
816 silly packumentCache full:https://registry.npmjs.org/serve-static cache-miss
817 http fetch GET 200 https://registry.npmjs.org/finalhandler 61ms (cache miss)
818 silly packumentCache full:https://registry.npmjs.org/finalhandler set size:undefined disposed:false
819 silly fetch manifest array-flatten@1.1.1
820 silly packumentCache full:https://registry.npmjs.org/array-flatten cache-miss
821 http fetch GET 200 https://registry.npmjs.org/array-flatten 100ms (cache miss)
822 silly packumentCache full:https://registry.npmjs.org/array-flatten set size:undefined disposed:false
823 silly fetch manifest path-to-regexp@~0.1.12
824 silly packumentCache full:https://registry.npmjs.org/path-to-regexp cache-miss
825 http fetch GET 200 https://registry.npmjs.org/range-parser 160ms (cache miss)
826 silly packumentCache full:https://registry.npmjs.org/range-parser set size:undefined disposed:false
827 silly fetch manifest setprototypeof@1.2.0
828 silly packumentCache full:https://registry.npmjs.org/setprototypeof cache-miss
829 http fetch GET 200 https://registry.npmjs.org/serve-static 174ms (cache miss)
830 silly packumentCache full:https://registry.npmjs.org/serve-static set size:undefined disposed:false
831 silly fetch manifest cookie-signature@~1.0.6
832 silly packumentCache full:https://registry.npmjs.org/cookie-signature cache-miss
833 http fetch GET 200 https://registry.npmjs.org/path-to-regexp 76ms (cache miss)
834 silly packumentCache full:https://registry.npmjs.org/path-to-regexp set size:undefined disposed:false
835 silly fetch manifest merge-descriptors@1.0.3
836 silly packumentCache full:https://registry.npmjs.org/merge-descriptors cache-miss
837 http fetch GET 200 https://registry.npmjs.org/setprototypeof 66ms (cache miss)
838 silly packumentCache full:https://registry.npmjs.org/setprototypeof set size:undefined disposed:false
839 silly fetch manifest content-disposition@~0.5.4
840 silly packumentCache full:https://registry.npmjs.org/content-disposition cache-miss
841 http fetch GET 200 https://registry.npmjs.org/merge-descriptors 55ms (cache miss)
842 silly packumentCache full:https://registry.npmjs.org/merge-descriptors set size:undefined disposed:false
843 silly fetch manifest basic-auth@~2.0.1
844 silly packumentCache full:https://registry.npmjs.org/basic-auth cache-miss
845 http fetch GET 200 https://registry.npmjs.org/cookie-signature 119ms (cache miss)
846 silly packumentCache full:https://registry.npmjs.org/cookie-signature set size:undefined disposed:false
847 silly fetch manifest depd@~2.0.0
848 silly packumentCache full:https://registry.npmjs.org/depd cache-miss
849 http cache https://registry.npmjs.org/depd 15ms (cache hit)
850 silly packumentCache full:https://registry.npmjs.org/depd set size:40182 disposed:false
851 silly fetch manifest on-headers@~1.1.0
852 silly packumentCache full:https://registry.npmjs.org/on-headers cache-miss
853 http fetch GET 200 https://registry.npmjs.org/basic-auth 241ms (cache miss)
854 silly packumentCache full:https://registry.npmjs.org/basic-auth set size:undefined disposed:false
855 silly fetch manifest esbuild@~0.28.0
856 silly packumentCache full:https://registry.npmjs.org/esbuild cache-miss
857 http fetch GET 200 https://registry.npmjs.org/on-headers 209ms (cache miss)
858 silly packumentCache full:https://registry.npmjs.org/on-headers set size:undefined disposed:false
859 http cache https://registry.npmjs.org/esbuild 20ms (cache hit)
860 silly packumentCache full:https://registry.npmjs.org/esbuild set size:1259608 disposed:false
861 http fetch GET 200 https://registry.npmjs.org/content-disposition 593ms (cache miss)
862 silly packumentCache full:https://registry.npmjs.org/content-disposition set size:undefined disposed:false
863 silly placeDep ROOT @supabase/auth-js@2.111.0 OK for: @supabase/supabase-js@2.111.0 want: 2.111.0
864 silly placeDep ROOT @supabase/functions-js@2.111.0 OK for: @supabase/supabase-js@2.111.0 want: 2.111.0
865 silly placeDep ROOT @supabase/postgrest-js@2.111.0 OK for: @supabase/supabase-js@2.111.0 want: 2.111.0
866 silly placeDep ROOT @supabase/realtime-js@2.111.0 OK for: @supabase/supabase-js@2.111.0 want: 2.111.0
867 silly placeDep ROOT @supabase/storage-js@2.111.0 OK for: @supabase/supabase-js@2.111.0 want: 2.111.0
868 silly fetch manifest @supabase/phoenix@0.4.5
869 silly packumentCache full:https://registry.npmjs.org/@supabase%2fphoenix cache-miss
870 silly fetch manifest iceberg-js@^0.8.1
871 silly packumentCache full:https://registry.npmjs.org/iceberg-js cache-miss
872 http fetch GET 200 https://registry.npmjs.org/iceberg-js 507ms (cache miss)
873 silly packumentCache full:https://registry.npmjs.org/iceberg-js set size:undefined disposed:false
874 http fetch GET 200 https://registry.npmjs.org/@supabase%2fphoenix 1030ms (cache miss)
875 silly packumentCache full:https://registry.npmjs.org/@supabase%2fphoenix set size:undefined disposed:false
876 silly placeDep ROOT @supabase/phoenix@0.4.5 OK for: @supabase/realtime-js@2.111.0 want: 0.4.5
877 silly placeDep ROOT iceberg-js@0.8.1 OK for: @supabase/storage-js@2.111.0 want: ^0.8.1
878 silly placeDep ROOT @tanstack/query-core@5.101.4 OK for: @tanstack/react-query@5.101.4 want: 5.101.4
879 silly placeDep ROOT @types/node@26.1.2 OK for: @types/cors@2.8.19 want: *
880 silly fetch manifest undici-types@~8.3.0
881 silly packumentCache full:https://registry.npmjs.org/undici-types cache-miss
882 http fetch GET 200 https://registry.npmjs.org/undici-types 96ms (cache miss)
883 silly packumentCache full:https://registry.npmjs.org/undici-types set size:undefined disposed:false
884 silly placeDep ROOT @types/body-parser@1.19.6 OK for: @types/express@5.0.6 want: *
885 silly placeDep ROOT @types/express-serve-static-core@5.1.3 OK for: @types/express@5.0.6 want: ^5.0.0
886 silly placeDep ROOT @types/serve-static@2.2.0 OK for: @types/express@5.0.6 want: ^2
887 silly fetch manifest @types/connect@*
888 silly packumentCache full:https://registry.npmjs.org/@types%2fconnect cache-miss
889 silly fetch manifest @types/qs@*
890 silly packumentCache full:https://registry.npmjs.org/@types%2fqs cache-miss
891 silly fetch manifest @types/send@*
892 silly packumentCache full:https://registry.npmjs.org/@types%2fsend cache-miss
893 http fetch GET 200 https://registry.npmjs.org/@types%2fqs 138ms (cache miss)
894 silly packumentCache full:https://registry.npmjs.org/@types%2fqs set size:undefined disposed:false
895 silly fetch manifest @types/range-parser@*
896 silly packumentCache full:https://registry.npmjs.org/@types%2frange-parser cache-miss
897 http fetch GET 200 https://registry.npmjs.org/@types%2fsend 154ms (cache miss)
898 silly packumentCache full:https://registry.npmjs.org/@types%2fsend set size:undefined disposed:false
899 silly fetch manifest @types/http-errors@*
900 silly packumentCache full:https://registry.npmjs.org/@types%2fhttp-errors cache-miss
901 http fetch GET 200 https://registry.npmjs.org/@types%2fconnect 158ms (cache miss)
902 silly packumentCache full:https://registry.npmjs.org/@types%2fconnect set size:undefined disposed:false
903 http fetch GET 200 https://registry.npmjs.org/@types%2frange-parser 255ms (cache miss)
904 silly packumentCache full:https://registry.npmjs.org/@types%2frange-parser set size:undefined disposed:false
905 http fetch GET 200 https://registry.npmjs.org/@types%2fhttp-errors 1004ms (cache miss)
906 silly packumentCache full:https://registry.npmjs.org/@types%2fhttp-errors set size:undefined disposed:false
907 silly placeDep ROOT @types/connect@3.4.38 OK for: @types/body-parser@1.19.6 want: *
908 silly placeDep ROOT @types/qs@6.15.1 OK for: @types/express-serve-static-core@5.1.3 want: *
909 silly placeDep ROOT @types/range-parser@1.2.7 OK for: @types/express-serve-static-core@5.1.3 want: *
910 silly placeDep ROOT @types/send@1.2.1 OK for: @types/express-serve-static-core@5.1.3 want: *
911 silly placeDep ROOT undici-types@8.3.0 OK for: @types/node@26.1.2 want: ~8.3.0
912 silly placeDep ROOT csstype@3.2.3 OK for: @types/react@19.2.18 want: ^3.2.2
913 silly placeDep ROOT @types/http-errors@2.0.5 OK for: @types/serve-static@2.2.0 want: *
914 silly placeDep ROOT @babel/core@7.29.7 OK for: @vitejs/plugin-react@4.7.0 want: ^7.28.0
915 silly placeDep ROOT @babel/plugin-transform-react-jsx-self@7.29.7 OK for: @vitejs/plugin-react@4.7.0 want: ^7.27.1
916 silly placeDep ROOT @babel/plugin-transform-react-jsx-source@7.29.7 OK for: @vitejs/plugin-react@4.7.0 want: ^7.27.1
917 silly placeDep ROOT @rolldown/pluginutils@1.0.0-beta.27 OK for: @vitejs/plugin-react@4.7.0 want: 1.0.0-beta.27
918 silly placeDep ROOT @types/babel__core@7.20.5 OK for: @vitejs/plugin-react@4.7.0 want: ^7.20.5
919 silly placeDep ROOT react-refresh@0.17.0 OK for: @vitejs/plugin-react@4.7.0 want: ^0.17.0
920 silly fetch manifest debug@^4.1.0
921 silly packumentCache full:https://registry.npmjs.org/debug cache-hit
922 silly fetch manifest json5@^2.2.3
923 silly packumentCache full:https://registry.npmjs.org/json5 cache-miss
924 silly fetch manifest semver@^6.3.1
925 silly packumentCache full:https://registry.npmjs.org/semver cache-miss
926 silly fetch manifest gensync@^1.0.0-beta.2
927 silly packumentCache full:https://registry.npmjs.org/gensync cache-miss
928 http fetch GET 200 https://registry.npmjs.org/gensync 102ms (cache miss)
929 silly packumentCache full:https://registry.npmjs.org/gensync set size:undefined disposed:false
930 silly fetch manifest @babel/types@^7.29.7
931 silly packumentCache full:https://registry.npmjs.org/@babel%2ftypes cache-miss
932 http fetch GET 200 https://registry.npmjs.org/semver 116ms (cache miss)
933 silly packumentCache full:https://registry.npmjs.org/semver set size:undefined disposed:false
934 silly fetch manifest @babel/parser@^7.29.7
935 silly packumentCache full:https://registry.npmjs.org/@babel%2fparser cache-miss
936 http fetch GET 200 https://registry.npmjs.org/json5 132ms (cache miss)
937 silly packumentCache full:https://registry.npmjs.org/json5 set size:undefined disposed:false
938 silly fetch manifest @babel/helpers@^7.29.7
939 silly packumentCache full:https://registry.npmjs.org/@babel%2fhelpers cache-miss
940 http fetch GET 200 https://registry.npmjs.org/@babel%2fhelpers 330ms (cache miss)
941 silly packumentCache full:https://registry.npmjs.org/@babel%2fhelpers set size:undefined disposed:false
942 silly fetch manifest @babel/template@^7.29.7
943 silly packumentCache full:https://registry.npmjs.org/@babel%2ftemplate cache-miss
944 http fetch GET 200 https://registry.npmjs.org/@babel%2ftypes 371ms (cache miss)
945 silly packumentCache full:https://registry.npmjs.org/@babel%2ftypes set size:undefined disposed:false
946 silly fetch manifest @babel/traverse@^7.29.7
947 silly packumentCache full:https://registry.npmjs.org/@babel%2ftraverse cache-miss
948 http fetch GET 200 https://registry.npmjs.org/@babel%2fparser 365ms (cache miss)
949 silly packumentCache full:https://registry.npmjs.org/@babel%2fparser set size:undefined disposed:false
950 silly fetch manifest @babel/generator@^7.29.7
951 silly packumentCache full:https://registry.npmjs.org/@babel%2fgenerator cache-miss
952 http fetch GET 200 https://registry.npmjs.org/@babel%2ftemplate 169ms (cache miss)
953 silly packumentCache full:https://registry.npmjs.org/@babel%2ftemplate set size:undefined disposed:false
954 silly fetch manifest @babel/code-frame@^7.29.7
955 silly packumentCache full:https://registry.npmjs.org/@babel%2fcode-frame cache-miss
956 http fetch GET 200 https://registry.npmjs.org/@babel%2ftraverse 196ms (cache miss)
957 silly packumentCache full:https://registry.npmjs.org/@babel%2ftraverse set size:undefined disposed:false
958 silly fetch manifest convert-source-map@^2.0.0
959 silly packumentCache full:https://registry.npmjs.org/convert-source-map cache-miss
960 http fetch GET 200 https://registry.npmjs.org/@babel%2fgenerator 196ms (cache miss)
961 silly packumentCache full:https://registry.npmjs.org/@babel%2fgenerator set size:undefined disposed:false
962 silly fetch manifest @jridgewell/remapping@^2.3.5
963 silly packumentCache full:https://registry.npmjs.org/@jridgewell%2fremapping cache-miss
964 http fetch GET 200 https://registry.npmjs.org/@jridgewell%2fremapping 300ms (cache miss)
965 silly packumentCache full:https://registry.npmjs.org/@jridgewell%2fremapping set size:undefined disposed:false
966 silly fetch manifest @babel/helper-module-transforms@^7.29.7
967 silly packumentCache full:https://registry.npmjs.org/@babel%2fhelper-module-transforms cache-miss
968 http fetch GET 200 https://registry.npmjs.org/@babel%2fcode-frame 361ms (cache miss)
969 silly packumentCache full:https://registry.npmjs.org/@babel%2fcode-frame set size:undefined disposed:false
970 silly fetch manifest @babel/helper-compilation-targets@^7.29.7
971 silly packumentCache full:https://registry.npmjs.org/@babel%2fhelper-compilation-targets cache-miss
972 http fetch GET 200 https://registry.npmjs.org/convert-source-map 527ms (cache miss)
973 silly packumentCache full:https://registry.npmjs.org/convert-source-map set size:undefined disposed:false
974 silly fetch manifest @babel/helper-plugin-utils@^7.29.7
975 silly packumentCache full:https://registry.npmjs.org/@babel%2fhelper-plugin-utils cache-miss
976 http fetch GET 200 https://registry.npmjs.org/@babel%2fhelper-module-transforms 334ms (cache miss)
977 silly packumentCache full:https://registry.npmjs.org/@babel%2fhelper-module-transforms set size:undefined disposed:false
978 silly fetch manifest @babel/helper-plugin-utils@^7.29.7
979 silly packumentCache full:https://registry.npmjs.org/@babel%2fhelper-plugin-utils cache-miss
980 http fetch GET 200 https://registry.npmjs.org/@babel%2fhelper-plugin-utils 161ms (cache miss)
981 silly packumentCache full:https://registry.npmjs.org/@babel%2fhelper-plugin-utils set size:undefined disposed:false
982 silly fetch manifest @babel/types@^7.20.7
983 silly packumentCache full:https://registry.npmjs.org/@babel%2ftypes cache-miss
984 http cache https://registry.npmjs.org/@babel%2ftypes 13ms (cache hit)
985 silly packumentCache full:https://registry.npmjs.org/@babel%2ftypes set size:502939 disposed:false
986 silly fetch manifest @babel/parser@^7.20.7
987 silly packumentCache full:https://registry.npmjs.org/@babel%2fparser cache-miss
988 http fetch GET 200 https://registry.npmjs.org/@babel%2fhelper-compilation-targets 394ms (cache miss)
989 silly packumentCache full:https://registry.npmjs.org/@babel%2fhelper-compilation-targets set size:undefined disposed:false
990 silly fetch manifest @types/babel__template@*
991 silly packumentCache full:https://registry.npmjs.org/@types%2fbabel__template cache-miss
992 http cache https://registry.npmjs.org/@babel%2fparser 35ms (cache hit)
993 silly packumentCache full:https://registry.npmjs.org/@babel%2fparser set size:737962 disposed:false
994 silly fetch manifest @types/babel__traverse@*
995 silly packumentCache full:https://registry.npmjs.org/@types%2fbabel__traverse cache-miss
996 http fetch GET 200 https://registry.npmjs.org/@babel%2fhelper-plugin-utils 123ms (cache miss)
997 silly packumentCache full:https://registry.npmjs.org/@babel%2fhelper-plugin-utils set size:undefined disposed:false
998 silly fetch manifest @types/babel__generator@*
999 silly packumentCache full:https://registry.npmjs.org/@types%2fbabel__generator cache-miss
1000 http fetch GET 200 https://registry.npmjs.org/@types%2fbabel__template 118ms (cache miss)
1001 silly packumentCache full:https://registry.npmjs.org/@types%2fbabel__template set size:undefined disposed:false
1002 http fetch GET 200 https://registry.npmjs.org/@types%2fbabel__generator 88ms (cache miss)
1003 silly packumentCache full:https://registry.npmjs.org/@types%2fbabel__generator set size:undefined disposed:false
1004 http fetch GET 200 https://registry.npmjs.org/@types%2fbabel__traverse 112ms (cache miss)
1005 silly packumentCache full:https://registry.npmjs.org/@types%2fbabel__traverse set size:undefined disposed:false
1006 silly fetch manifest @babel/core@^7.0.0
1007 silly packumentCache full:https://registry.npmjs.org/@babel%2fcore cache-miss
1008 http cache https://registry.npmjs.org/@babel%2fcore 10ms (cache hit)
1009 silly packumentCache full:https://registry.npmjs.org/@babel%2fcore set size:788273 disposed:false
1010 silly placeDep ROOT @babel/code-frame@7.29.7 OK for: @babel/core@7.29.7 want: ^7.29.7
1011 silly placeDep ROOT @babel/generator@7.29.8 OK for: @babel/core@7.29.7 want: ^7.29.7
1012 silly placeDep ROOT @babel/helper-compilation-targets@7.29.7 OK for: @babel/core@7.29.7 want: ^7.29.7
1013 silly placeDep ROOT @babel/helper-module-transforms@7.29.7 OK for: @babel/core@7.29.7 want: ^7.29.7
1014 silly placeDep ROOT @babel/helpers@7.29.7 OK for: @babel/core@7.29.7 want: ^7.29.7
1015 silly placeDep ROOT @babel/parser@7.29.8 OK for: @babel/core@7.29.7 want: ^7.29.7
1016 silly placeDep ROOT @babel/template@7.29.7 OK for: @babel/core@7.29.7 want: ^7.29.7
1017 silly placeDep ROOT @babel/traverse@7.29.8 OK for: @babel/core@7.29.7 want: ^7.29.7
1018 silly placeDep ROOT @babel/types@7.29.8 OK for: @babel/core@7.29.7 want: ^7.29.7
1019 silly placeDep ROOT @jridgewell/remapping@2.3.5 OK for: @babel/core@7.29.7 want: ^2.3.5
1020 silly placeDep ROOT convert-source-map@2.0.0 OK for: @babel/core@7.29.7 want: ^2.0.0
1021 silly placeDep ROOT debug@4.4.3 OK for: @babel/core@7.29.7 want: ^4.1.0
1022 silly placeDep ROOT gensync@1.0.0-beta.2 OK for: @babel/core@7.29.7 want: ^1.0.0-beta.2
1023 silly placeDep ROOT json5@2.2.3 OK for: @babel/core@7.29.7 want: ^2.2.3
1024 silly placeDep ROOT semver@6.3.1 OK for: @babel/core@7.29.7 want: ^6.3.1
1025 silly fetch manifest js-tokens@^4.0.0
1026 silly packumentCache full:https://registry.npmjs.org/js-tokens cache-miss
1027 silly fetch manifest @babel/helper-validator-identifier@^7.29.7
1028 silly packumentCache full:https://registry.npmjs.org/@babel%2fhelper-validator-identifier cache-miss
1029 silly fetch manifest jsesc@^3.0.2
1030 silly packumentCache full:https://registry.npmjs.org/jsesc cache-miss
1031 http fetch GET 200 https://registry.npmjs.org/js-tokens 120ms (cache miss)
1032 silly packumentCache full:https://registry.npmjs.org/js-tokens set size:undefined disposed:false
1033 silly fetch manifest @babel/types@^7.29.8
1034 silly packumentCache full:https://registry.npmjs.org/@babel%2ftypes cache-hit
1035 silly fetch manifest @babel/parser@^7.29.8
1036 silly packumentCache full:https://registry.npmjs.org/@babel%2fparser cache-hit
1037 silly fetch manifest @jridgewell/gen-mapping@^0.3.12
1038 silly packumentCache full:https://registry.npmjs.org/@jridgewell%2fgen-mapping cache-miss
1039 http fetch GET 200 https://registry.npmjs.org/@babel%2fhelper-validator-identifier 134ms (cache miss)
1040 silly packumentCache full:https://registry.npmjs.org/@babel%2fhelper-validator-identifier set size:undefined disposed:false
1041 silly fetch manifest @jridgewell/trace-mapping@^0.3.28
1042 silly packumentCache full:https://registry.npmjs.org/@jridgewell%2ftrace-mapping cache-miss
1043 http fetch GET 200 https://registry.npmjs.org/jsesc 141ms (cache miss)
1044 silly packumentCache full:https://registry.npmjs.org/jsesc set size:undefined disposed:false
1045 silly fetch manifest lru-cache@^5.1.1
1046 silly packumentCache full:https://registry.npmjs.org/lru-cache cache-miss
1047 http fetch GET 200 https://registry.npmjs.org/@jridgewell%2fgen-mapping 82ms (cache miss)
1048 silly packumentCache full:https://registry.npmjs.org/@jridgewell%2fgen-mapping set size:undefined disposed:false
1049 silly fetch manifest browserslist@^4.24.0
1050 silly packumentCache full:https://registry.npmjs.org/browserslist cache-miss
1051 http cache https://registry.npmjs.org/browserslist 12ms (cache hit)
1052 silly packumentCache full:https://registry.npmjs.org/browserslist set size:516369 disposed:false
1053 silly fetch manifest @babel/compat-data@^7.29.7
1054 silly packumentCache full:https://registry.npmjs.org/@babel%2fcompat-data cache-miss
1055 http fetch GET 200 https://registry.npmjs.org/@jridgewell%2ftrace-mapping 147ms (cache miss)
1056 silly packumentCache full:https://registry.npmjs.org/@jridgewell%2ftrace-mapping set size:undefined disposed:false
1057 silly fetch manifest @babel/helper-validator-option@^7.29.7
1058 silly packumentCache full:https://registry.npmjs.org/@babel%2fhelper-validator-option cache-miss
1059 http fetch GET 200 https://registry.npmjs.org/@babel%2fcompat-data 103ms (cache miss)
1060 silly packumentCache full:https://registry.npmjs.org/@babel%2fcompat-data set size:undefined disposed:false
1061 silly fetch manifest @babel/helper-module-imports@^7.29.7
1062 silly packumentCache full:https://registry.npmjs.org/@babel%2fhelper-module-imports cache-miss
1063 http fetch GET 200 https://registry.npmjs.org/lru-cache 226ms (cache miss)
1064 silly packumentCache full:https://registry.npmjs.org/lru-cache set size:undefined disposed:false
1065 silly fetch manifest debug@^4.3.1
1066 silly packumentCache full:https://registry.npmjs.org/debug cache-hit
1067 silly fetch manifest @babel/helper-globals@^7.29.7
1068 silly packumentCache full:https://registry.npmjs.org/@babel%2fhelper-globals cache-miss
1069 http fetch GET 200 https://registry.npmjs.org/@babel%2fhelper-globals 1744ms (cache miss)
1070 silly packumentCache full:https://registry.npmjs.org/@babel%2fhelper-globals set size:undefined disposed:false
1071 silly fetch manifest @babel/helper-string-parser@^7.29.7
1072 silly packumentCache full:https://registry.npmjs.org/@babel%2fhelper-string-parser cache-miss
1073 http fetch GET 200 https://registry.npmjs.org/@babel%2fhelper-validator-option 1849ms (cache miss)
1074 silly packumentCache full:https://registry.npmjs.org/@babel%2fhelper-validator-option set size:undefined disposed:false
1075 silly fetch manifest @jridgewell/gen-mapping@^0.3.5
1076 silly packumentCache full:https://registry.npmjs.org/@jridgewell%2fgen-mapping cache-miss
1077 http fetch GET 200 https://registry.npmjs.org/@babel%2fhelper-module-imports 1843ms (cache miss)
1078 silly packumentCache full:https://registry.npmjs.org/@babel%2fhelper-module-imports set size:undefined disposed:false
1079 silly fetch manifest @jridgewell/trace-mapping@^0.3.24
1080 silly packumentCache full:https://registry.npmjs.org/@jridgewell%2ftrace-mapping cache-miss
1081 http cache https://registry.npmjs.org/@jridgewell%2fgen-mapping 110ms (cache hit)
1082 silly packumentCache full:https://registry.npmjs.org/@jridgewell%2fgen-mapping set size:75941 disposed:false
1083 silly fetch manifest ms@^2.1.3
1084 silly packumentCache full:https://registry.npmjs.org/ms cache-miss
1085 http fetch GET 200 https://registry.npmjs.org/@babel%2fhelper-string-parser 165ms (cache miss)
1086 silly packumentCache full:https://registry.npmjs.org/@babel%2fhelper-string-parser set size:undefined disposed:false
1087 http cache https://registry.npmjs.org/@jridgewell%2ftrace-mapping 112ms (cache hit)
1088 silly packumentCache full:https://registry.npmjs.org/@jridgewell%2ftrace-mapping set size:170909 disposed:false
1089 http fetch GET 200 https://registry.npmjs.org/ms 219ms (cache miss)
1090 silly packumentCache full:https://registry.npmjs.org/ms set size:undefined disposed:false
1091 silly placeDep ROOT @babel/helper-validator-identifier@7.29.7 OK for: @babel/code-frame@7.29.7 want: ^7.29.7
1092 silly placeDep ROOT js-tokens@4.0.0 OK for: @babel/code-frame@7.29.7 want: ^4.0.0
1093 silly placeDep ROOT picocolors@1.1.1 OK for: @babel/code-frame@7.29.7 want: ^1.1.1
1094 silly placeDep ROOT @jridgewell/gen-mapping@0.3.13 OK for: @babel/generator@7.29.8 want: ^0.3.12
1095 silly placeDep ROOT @jridgewell/trace-mapping@0.3.31 OK for: @babel/generator@7.29.8 want: ^0.3.28
1096 silly placeDep ROOT jsesc@3.1.0 OK for: @babel/generator@7.29.8 want: ^3.0.2
1097 silly fetch manifest @jridgewell/sourcemap-codec@^1.5.0
1098 silly packumentCache full:https://registry.npmjs.org/@jridgewell%2fsourcemap-codec cache-miss
1099 silly fetch manifest @jridgewell/resolve-uri@^3.1.0
1100 silly packumentCache full:https://registry.npmjs.org/@jridgewell%2fresolve-uri cache-miss
1101 silly fetch manifest @jridgewell/sourcemap-codec@^1.4.14
1102 silly packumentCache full:https://registry.npmjs.org/@jridgewell%2fsourcemap-codec cache-miss
1103 http fetch GET 200 https://registry.npmjs.org/@jridgewell%2fsourcemap-codec 477ms (cache miss)
1104 silly packumentCache full:https://registry.npmjs.org/@jridgewell%2fsourcemap-codec set size:undefined disposed:false
1105 http fetch GET 200 https://registry.npmjs.org/@jridgewell%2fresolve-uri 483ms (cache miss)
1106 silly packumentCache full:https://registry.npmjs.org/@jridgewell%2fresolve-uri set size:undefined disposed:false
1107 http fetch GET 200 https://registry.npmjs.org/@jridgewell%2fsourcemap-codec 490ms (cache miss)
1108 silly packumentCache full:https://registry.npmjs.org/@jridgewell%2fsourcemap-codec set size:undefined disposed:false
1109 silly placeDep ROOT @babel/compat-data@7.29.7 OK for: @babel/helper-compilation-targets@7.29.7 want: ^7.29.7
1110 silly placeDep ROOT @babel/helper-validator-option@7.29.7 OK for: @babel/helper-compilation-targets@7.29.7 want: ^7.29.7
1111 silly placeDep ROOT browserslist@4.28.7 OK for: @babel/helper-compilation-targets@7.29.7 want: ^4.24.0
1112 silly placeDep ROOT lru-cache@5.1.1 OK for: @babel/helper-compilation-targets@7.29.7 want: ^5.1.1
1113 silly fetch manifest node-releases@^2.0.51
1114 silly packumentCache full:https://registry.npmjs.org/node-releases cache-miss
1115 silly fetch manifest electron-to-chromium@^1.5.393
1116 silly packumentCache full:https://registry.npmjs.org/electron-to-chromium cache-miss
1117 silly fetch manifest update-browserslist-db@^1.2.3
1118 silly packumentCache full:https://registry.npmjs.org/update-browserslist-db cache-miss
1119 http fetch GET 200 https://registry.npmjs.org/node-releases 197ms (cache miss)
1120 silly packumentCache full:https://registry.npmjs.org/node-releases set size:undefined disposed:false
1121 silly fetch manifest baseline-browser-mapping@^2.10.44
1122 silly packumentCache full:https://registry.npmjs.org/baseline-browser-mapping cache-miss
1123 http fetch GET 200 https://registry.npmjs.org/electron-to-chromium 327ms (cache miss)
1124 silly packumentCache full:https://registry.npmjs.org/electron-to-chromium set size:undefined disposed:false
1125 silly fetch manifest yallist@^3.0.2
1126 silly packumentCache full:https://registry.npmjs.org/yallist cache-miss
1127 http fetch GET 200 https://registry.npmjs.org/update-browserslist-db 398ms (cache miss)
1128 silly packumentCache full:https://registry.npmjs.org/update-browserslist-db set size:undefined disposed:false
1129 http fetch GET 200 https://registry.npmjs.org/baseline-browser-mapping 256ms (cache miss)
1130 silly packumentCache full:https://registry.npmjs.org/baseline-browser-mapping set size:undefined disposed:false
1131 http fetch GET 200 https://registry.npmjs.org/yallist 245ms (cache miss)
1132 silly packumentCache full:https://registry.npmjs.org/yallist set size:undefined disposed:false
1133 silly placeDep ROOT @babel/helper-module-imports@7.29.7 OK for: @babel/helper-module-transforms@7.29.7 want: ^7.29.7
1134 silly placeDep ROOT @babel/helper-plugin-utils@7.29.7 OK for: @babel/plugin-transform-react-jsx-self@7.29.7 want: ^7.29.7
1135 silly placeDep ROOT @babel/helper-globals@7.29.7 OK for: @babel/traverse@7.29.8 want: ^7.29.7
1136 silly placeDep ROOT @babel/helper-string-parser@7.29.7 OK for: @babel/types@7.29.8 want: ^7.29.7
1137 silly placeDep ROOT @jridgewell/sourcemap-codec@1.5.5 OK for: @jridgewell/gen-mapping@0.3.13 want: ^1.5.0
1138 silly placeDep ROOT @jridgewell/resolve-uri@3.1.2 OK for: @jridgewell/trace-mapping@0.3.31 want: ^3.1.0
1139 silly placeDep ROOT @types/babel__generator@7.27.0 OK for: @types/babel__core@7.20.5 want: *
1140 silly placeDep ROOT @types/babel__template@7.4.4 OK for: @types/babel__core@7.20.5 want: *
1141 silly placeDep ROOT @types/babel__traverse@7.28.0 OK for: @types/babel__core@7.20.5 want: *
1142 silly placeDep ROOT caniuse-lite@1.0.30001806 OK for: autoprefixer@10.5.4 want: ^1.0.30001806
1143 silly placeDep ROOT fraction.js@5.3.4 OK for: autoprefixer@10.5.4 want: ^5.3.4
1144 silly placeDep ROOT postcss-value-parser@4.2.0 OK for: autoprefixer@10.5.4 want: ^4.2.0
1145 silly fetch manifest browserslist@>= 4.21.0
1146 silly packumentCache full:https://registry.npmjs.org/browserslist cache-hit
1147 silly placeDep ROOT baseline-browser-mapping@2.11.11 OK for: browserslist@4.28.7 want: ^2.10.44
1148 silly placeDep ROOT electron-to-chromium@1.5.399 OK for: browserslist@4.28.7 want: ^1.5.393
1149 silly placeDep ROOT node-releases@2.0.51 OK for: browserslist@4.28.7 want: ^2.0.51
1150 silly placeDep ROOT update-browserslist-db@1.2.3 OK for: browserslist@4.28.7 want: ^1.2.3
1151 silly placeDep ROOT object-assign@4.1.1 OK for: cors@2.8.6 want: ^4
1152 silly placeDep ROOT vary@1.1.2 OK for: cors@2.8.6 want: ^1
1153 silly placeDep ROOT ms@2.1.3 OK for: debug@4.4.3 want: ^2.1.3
1154 silly fetch manifest eslint@^6.0.0 || ^7.0.0 || >=8.0.0
1155 silly packumentCache full:https://registry.npmjs.org/eslint cache-miss
1156 http cache https://registry.npmjs.org/eslint 76ms (cache hit)
1157 silly packumentCache full:https://registry.npmjs.org/eslint set size:2040662 disposed:false
1158 silly placeDep ROOT @eslint-community/eslint-utils@4.10.1 OK for: eslint@9.39.5 want: ^4.8.0
1159 silly placeDep ROOT @eslint-community/regexpp@4.12.2 OK for: eslint@9.39.5 want: ^4.12.1
1160 silly placeDep ROOT @eslint/config-array@0.21.2 OK for: eslint@9.39.5 want: ^0.21.2
1161 silly placeDep ROOT @eslint/config-helpers@0.4.2 OK for: eslint@9.39.5 want: ^0.4.2
1162 silly placeDep ROOT @eslint/core@0.17.0 OK for: eslint@9.39.5 want: ^0.17.0
1163 silly placeDep ROOT @eslint/eslintrc@3.3.6 OK for: eslint@9.39.5 want: ^3.3.6
1164 silly placeDep ROOT @eslint/plugin-kit@0.4.1 OK for: eslint@9.39.5 want: ^0.4.1
1165 silly placeDep ROOT @humanfs/node@0.16.8 OK for: eslint@9.39.5 want: ^0.16.6
1166 silly placeDep ROOT @humanwhocodes/module-importer@1.0.1 OK for: eslint@9.39.5 want: ^1.0.1
1167 silly placeDep ROOT @humanwhocodes/retry@0.4.3 OK for: eslint@9.39.5 want: ^0.4.2
1168 silly placeDep ROOT @types/estree@1.0.9 OK for: eslint@9.39.5 want: ^1.0.6
1169 silly placeDep ROOT ajv@6.15.0 OK for: eslint@9.39.5 want: ^6.14.0
1170 silly placeDep ROOT cross-spawn@7.0.6 OK for: eslint@9.39.5 want: ^7.0.6
1171 silly placeDep ROOT escape-string-regexp@4.0.0 OK for: eslint@9.39.5 want: ^4.0.0
1172 silly placeDep ROOT eslint-scope@8.4.0 OK for: eslint@9.39.5 want: ^8.4.0
1173 silly placeDep ROOT eslint-visitor-keys@4.2.1 OK for: eslint@9.39.5 want: ^4.2.1
1174 silly placeDep ROOT espree@10.4.0 OK for: eslint@9.39.5 want: ^10.4.0
1175 silly placeDep ROOT esquery@1.7.0 OK for: eslint@9.39.5 want: ^1.5.0
1176 silly placeDep ROOT esutils@2.0.3 OK for: eslint@9.39.5 want: ^2.0.2
1177 silly placeDep ROOT fast-deep-equal@3.1.3 OK for: eslint@9.39.5 want: ^3.1.3
1178 silly placeDep ROOT file-entry-cache@8.0.0 OK for: eslint@9.39.5 want: ^8.0.0
1179 silly placeDep ROOT find-up@5.0.0 OK for: eslint@9.39.5 want: ^5.0.0
1180 silly placeDep ROOT glob-parent@6.0.2 OK for: eslint@9.39.5 want: ^6.0.2
1181 silly placeDep ROOT ignore@5.3.2 OK for: eslint@9.39.5 want: ^5.2.0
1182 silly placeDep ROOT imurmurhash@0.1.4 OK for: eslint@9.39.5 want: ^0.1.4
1183 silly placeDep ROOT is-glob@4.0.3 OK for: eslint@9.39.5 want: ^4.0.0
1184 silly placeDep ROOT json-stable-stringify-without-jsonify@1.0.1 OK for: eslint@9.39.5 want: ^1.0.1
1185 silly placeDep ROOT lodash.merge@4.6.2 OK for: eslint@9.39.5 want: ^4.6.2
1186 silly placeDep ROOT minimatch@3.1.5 OK for: eslint@9.39.5 want: ^3.1.5
1187 silly placeDep ROOT natural-compare@1.4.0 OK for: eslint@9.39.5 want: ^1.4.0
1188 silly placeDep ROOT optionator@0.9.4 OK for: eslint@9.39.5 want: ^0.9.3
1189 silly fetch manifest eslint-visitor-keys@^3.4.3
1190 silly packumentCache full:https://registry.npmjs.org/eslint-visitor-keys cache-miss
1191 silly fetch manifest @eslint/object-schema@^2.1.7
1192 silly packumentCache full:https://registry.npmjs.org/@eslint%2fobject-schema cache-miss
1193 silly fetch manifest @types/json-schema@^7.0.15
1194 silly packumentCache full:https://registry.npmjs.org/@types%2fjson-schema cache-miss
1195 http cache https://registry.npmjs.org/eslint-visitor-keys 44ms (cache hit)
1196 silly packumentCache full:https://registry.npmjs.org/eslint-visitor-keys set size:69949 disposed:false
1197 silly fetch manifest espree@^10.0.1
1198 silly packumentCache full:https://registry.npmjs.org/espree cache-miss
1199 http cache https://registry.npmjs.org/espree 8ms (cache hit)
1200 silly packumentCache full:https://registry.npmjs.org/espree set size:326080 disposed:false
1201 silly fetch manifest globals@^14.0.0
1202 silly packumentCache full:https://registry.npmjs.org/globals cache-miss
1203 http fetch GET 200 https://registry.npmjs.org/@eslint%2fobject-schema 111ms (cache miss)
1204 silly packumentCache full:https://registry.npmjs.org/@eslint%2fobject-schema set size:undefined disposed:false
1205 silly fetch manifest import-fresh@^3.2.1
1206 silly packumentCache full:https://registry.npmjs.org/import-fresh cache-miss
1207 http fetch GET 200 https://registry.npmjs.org/@types%2fjson-schema 878ms (cache miss)
1208 silly packumentCache full:https://registry.npmjs.org/@types%2fjson-schema set size:undefined disposed:false
1209 silly fetch manifest js-yaml@^4.3.0
1210 silly packumentCache full:https://registry.npmjs.org/js-yaml cache-miss
1211 http fetch GET 200 https://registry.npmjs.org/import-fresh 807ms (cache miss)
1212 silly packumentCache full:https://registry.npmjs.org/import-fresh set size:undefined disposed:false
1213 silly fetch manifest strip-json-comments@^3.1.1
1214 silly packumentCache full:https://registry.npmjs.org/strip-json-comments cache-miss
1215 http fetch GET 200 https://registry.npmjs.org/globals 867ms (cache miss)
1216 silly packumentCache full:https://registry.npmjs.org/globals set size:undefined disposed:false
1217 silly fetch manifest levn@^0.4.1
1218 silly packumentCache full:https://registry.npmjs.org/levn cache-miss
1219 http fetch GET 200 https://registry.npmjs.org/js-yaml 564ms (cache miss)
1220 silly packumentCache full:https://registry.npmjs.org/js-yaml set size:undefined disposed:false
1221 silly fetch manifest @humanwhocodes/retry@^0.4.0
1222 silly packumentCache full:https://registry.npmjs.org/@humanwhocodes%2fretry cache-miss
1223 http fetch GET 200 https://registry.npmjs.org/levn 517ms (cache miss)
1224 silly packumentCache full:https://registry.npmjs.org/levn set size:undefined disposed:false
1225 silly fetch manifest @humanfs/core@^0.19.2
1226 silly packumentCache full:https://registry.npmjs.org/@humanfs%2fcore cache-miss
1227 http fetch GET 200 https://registry.npmjs.org/strip-json-comments 543ms (cache miss)
1228 silly packumentCache full:https://registry.npmjs.org/strip-json-comments set size:undefined disposed:false
1229 silly fetch manifest @humanfs/types@^0.15.0
1230 silly packumentCache full:https://registry.npmjs.org/@humanfs%2ftypes cache-miss
1231 http cache https://registry.npmjs.org/@humanwhocodes%2fretry 19ms (cache hit)
1232 silly packumentCache full:https://registry.npmjs.org/@humanwhocodes%2fretry set size:42348 disposed:false
1233 silly fetch manifest uri-js@^4.2.2
1234 silly packumentCache full:https://registry.npmjs.org/uri-js cache-miss
1235 http fetch GET 200 https://registry.npmjs.org/@humanfs%2fcore 324ms (cache miss)
1236 silly packumentCache full:https://registry.npmjs.org/@humanfs%2fcore set size:undefined disposed:false
1237 silly fetch manifest fast-deep-equal@^3.1.1
1238 silly packumentCache full:https://registry.npmjs.org/fast-deep-equal cache-miss
1239 http fetch GET 200 https://registry.npmjs.org/uri-js 313ms (cache miss)
1240 silly packumentCache full:https://registry.npmjs.org/uri-js set size:undefined disposed:false
1241 silly fetch manifest json-schema-traverse@^0.4.1
1242 silly packumentCache full:https://registry.npmjs.org/json-schema-traverse cache-miss
1243 http cache https://registry.npmjs.org/fast-deep-equal 15ms (cache hit)
1244 silly packumentCache full:https://registry.npmjs.org/fast-deep-equal set size:48634 disposed:false
1245 silly fetch manifest fast-json-stable-stringify@^2.0.0
1246 silly packumentCache full:https://registry.npmjs.org/fast-json-stable-stringify cache-miss
1247 http fetch GET 200 https://registry.npmjs.org/@humanfs%2ftypes 338ms (cache miss)
1248 silly packumentCache full:https://registry.npmjs.org/@humanfs%2ftypes set size:undefined disposed:false
1249 silly fetch manifest which@^2.0.1
1250 silly packumentCache full:https://registry.npmjs.org/which cache-miss
1251 http fetch GET 200 https://registry.npmjs.org/json-schema-traverse 92ms (cache miss)
1252 silly packumentCache full:https://registry.npmjs.org/json-schema-traverse set size:undefined disposed:false
1253 silly fetch manifest path-key@^3.1.0
1254 silly packumentCache full:https://registry.npmjs.org/path-key cache-miss
1255 http fetch GET 200 https://registry.npmjs.org/fast-json-stable-stringify 180ms (cache miss)
1256 silly packumentCache full:https://registry.npmjs.org/fast-json-stable-stringify set size:undefined disposed:false
1257 silly fetch manifest shebang-command@^2.0.0
1258 silly packumentCache full:https://registry.npmjs.org/shebang-command cache-miss
1259 http fetch GET 200 https://registry.npmjs.org/which 179ms (cache miss)
1260 silly packumentCache full:https://registry.npmjs.org/which set size:undefined disposed:false
1261 silly fetch manifest esrecurse@^4.3.0
1262 silly packumentCache full:https://registry.npmjs.org/esrecurse cache-miss
1263 http fetch GET 200 https://registry.npmjs.org/path-key 108ms (cache miss)
1264 silly packumentCache full:https://registry.npmjs.org/path-key set size:undefined disposed:false
1265 silly fetch manifest estraverse@^5.2.0
1266 silly packumentCache full:https://registry.npmjs.org/estraverse cache-miss
1267 http fetch GET 200 https://registry.npmjs.org/shebang-command 366ms (cache miss)
1268 silly packumentCache full:https://registry.npmjs.org/shebang-command set size:undefined disposed:false
1269 silly fetch manifest acorn@^8.15.0
1270 silly packumentCache full:https://registry.npmjs.org/acorn cache-miss
1271 http fetch GET 200 https://registry.npmjs.org/esrecurse 368ms (cache miss)
1272 silly packumentCache full:https://registry.npmjs.org/esrecurse set size:undefined disposed:false
1273 silly fetch manifest acorn-jsx@^5.3.2
1274 silly packumentCache full:https://registry.npmjs.org/acorn-jsx cache-miss
1275 http fetch GET 200 https://registry.npmjs.org/estraverse 375ms (cache miss)
1276 silly packumentCache full:https://registry.npmjs.org/estraverse set size:undefined disposed:false
1277 silly fetch manifest estraverse@^5.1.0
1278 silly packumentCache full:https://registry.npmjs.org/estraverse cache-miss
1279 http cache https://registry.npmjs.org/estraverse 9ms (cache hit)
1280 silly packumentCache full:https://registry.npmjs.org/estraverse set size:62412 disposed:false
1281 silly fetch manifest flat-cache@^4.0.0
1282 silly packumentCache full:https://registry.npmjs.org/flat-cache cache-miss
1283 http fetch GET 200 https://registry.npmjs.org/acorn-jsx 86ms (cache miss)
1284 silly packumentCache full:https://registry.npmjs.org/acorn-jsx set size:undefined disposed:false
1285 silly fetch manifest locate-path@^6.0.0
1286 silly packumentCache full:https://registry.npmjs.org/locate-path cache-miss
1287 http fetch GET 200 https://registry.npmjs.org/acorn 114ms (cache miss)
1288 silly packumentCache full:https://registry.npmjs.org/acorn set size:undefined disposed:false
1289 silly fetch manifest path-exists@^4.0.0
1290 silly packumentCache full:https://registry.npmjs.org/path-exists cache-miss
1291 http fetch GET 200 https://registry.npmjs.org/flat-cache 98ms (cache miss)
1292 silly packumentCache full:https://registry.npmjs.org/flat-cache set size:undefined disposed:false
1293 silly fetch manifest is-extglob@^2.1.1
1294 silly packumentCache full:https://registry.npmjs.org/is-extglob cache-miss
1295 http fetch GET 200 https://registry.npmjs.org/locate-path 106ms (cache miss)
1296 silly packumentCache full:https://registry.npmjs.org/locate-path set size:undefined disposed:false
1297 silly fetch manifest brace-expansion@^1.1.7
1298 silly packumentCache full:https://registry.npmjs.org/brace-expansion cache-miss
1299 http fetch GET 200 https://registry.npmjs.org/is-extglob 226ms (cache miss)
1300 silly packumentCache full:https://registry.npmjs.org/is-extglob set size:undefined disposed:false
1301 silly fetch manifest prelude-ls@^1.2.1
1302 silly packumentCache full:https://registry.npmjs.org/prelude-ls cache-miss
1303 http fetch GET 200 https://registry.npmjs.org/brace-expansion 164ms (cache miss)
1304 silly packumentCache full:https://registry.npmjs.org/brace-expansion set size:undefined disposed:false
1305 silly fetch manifest deep-is@^0.1.3
1306 silly packumentCache full:https://registry.npmjs.org/deep-is cache-miss
1307 http fetch GET 200 https://registry.npmjs.org/prelude-ls 140ms (cache miss)
1308 silly packumentCache full:https://registry.npmjs.org/prelude-ls set size:undefined disposed:false
1309 silly fetch manifest word-wrap@^1.2.5
1310 silly packumentCache full:https://registry.npmjs.org/word-wrap cache-miss
1311 http fetch GET 200 https://registry.npmjs.org/deep-is 134ms (cache miss)
1312 silly packumentCache full:https://registry.npmjs.org/deep-is set size:undefined disposed:false
1313 silly fetch manifest type-check@^0.4.0
1314 silly packumentCache full:https://registry.npmjs.org/type-check cache-miss
1315 http fetch GET 200 https://registry.npmjs.org/word-wrap 76ms (cache miss)
1316 silly packumentCache full:https://registry.npmjs.org/word-wrap set size:undefined disposed:false
1317 silly fetch manifest fast-levenshtein@^2.0.6
1318 silly packumentCache full:https://registry.npmjs.org/fast-levenshtein cache-miss
1319 http fetch GET 200 https://registry.npmjs.org/path-exists 466ms (cache miss)
1320 silly packumentCache full:https://registry.npmjs.org/path-exists set size:undefined disposed:false
1321 http fetch GET 200 https://registry.npmjs.org/type-check 82ms (cache miss)
1322 silly packumentCache full:https://registry.npmjs.org/type-check set size:undefined disposed:false
1323 http fetch GET 200 https://registry.npmjs.org/fast-levenshtein 538ms (cache miss)
1324 silly packumentCache full:https://registry.npmjs.org/fast-levenshtein set size:undefined disposed:false
1325 silly placeDep node_modules/@eslint-community/eslint-utils eslint-visitor-keys@3.4.3 OK for: @eslint-community/eslint-utils@4.10.1 want: ^3.4.3
1326 silly placeDep ROOT @eslint/object-schema@2.1.7 OK for: @eslint/config-array@0.21.2 want: ^2.1.7
1327 silly placeDep ROOT @types/json-schema@7.0.15 OK for: @eslint/core@0.17.0 want: ^7.0.15
1328 silly placeDep ROOT globals@14.0.0 OK for: @eslint/eslintrc@3.3.6 want: ^14.0.0
1329 silly placeDep ROOT import-fresh@3.3.1 OK for: @eslint/eslintrc@3.3.6 want: ^3.2.1
1330 silly placeDep ROOT js-yaml@4.3.1 OK for: @eslint/eslintrc@3.3.6 want: ^4.3.0
1331 silly placeDep ROOT strip-json-comments@3.1.1 OK for: @eslint/eslintrc@3.3.6 want: ^3.1.1
1332 silly fetch manifest resolve-from@^4.0.0
1333 silly packumentCache full:https://registry.npmjs.org/resolve-from cache-miss
1334 silly fetch manifest parent-module@^1.0.0
1335 silly packumentCache full:https://registry.npmjs.org/parent-module cache-miss
1336 silly fetch manifest argparse@^2.0.1
1337 silly packumentCache full:https://registry.npmjs.org/argparse cache-miss
1338 http fetch GET 200 https://registry.npmjs.org/resolve-from 69ms (cache miss)
1339 silly packumentCache full:https://registry.npmjs.org/resolve-from set size:undefined disposed:false
1340 http fetch GET 200 https://registry.npmjs.org/argparse 100ms (cache miss)
1341 silly packumentCache full:https://registry.npmjs.org/argparse set size:undefined disposed:false
1342 http fetch GET 200 https://registry.npmjs.org/parent-module 1899ms (cache miss)
1343 silly packumentCache full:https://registry.npmjs.org/parent-module set size:undefined disposed:false
1344 silly placeDep ROOT levn@0.4.1 OK for: @eslint/plugin-kit@0.4.1 want: ^0.4.1
1345 silly fetch manifest type-check@~0.4.0
1346 silly packumentCache full:https://registry.npmjs.org/type-check cache-miss
1347 http cache https://registry.npmjs.org/type-check 34ms (cache hit)
1348 silly packumentCache full:https://registry.npmjs.org/type-check set size:21221 disposed:false
1349 silly placeDep ROOT @humanfs/core@0.19.2 OK for: @humanfs/node@0.16.8 want: ^0.19.2
1350 silly placeDep ROOT @humanfs/types@0.15.0 OK for: @humanfs/node@0.16.8 want: ^0.15.0
1351 silly placeDep ROOT fast-json-stable-stringify@2.1.0 OK for: ajv@6.15.0 want: ^2.0.0
1352 silly placeDep ROOT json-schema-traverse@0.4.1 OK for: ajv@6.15.0 want: ^0.4.1
1353 silly placeDep ROOT uri-js@4.4.1 OK for: ajv@6.15.0 want: ^4.2.2
1354 silly fetch manifest punycode@^2.1.0
1355 silly packumentCache full:https://registry.npmjs.org/punycode cache-miss
1356 http fetch GET 200 https://registry.npmjs.org/punycode 196ms (cache miss)
1357 silly packumentCache full:https://registry.npmjs.org/punycode set size:undefined disposed:false
1358 silly placeDep ROOT path-key@3.1.1 OK for: cross-spawn@7.0.6 want: ^3.1.0
1359 silly placeDep ROOT shebang-command@2.0.0 OK for: cross-spawn@7.0.6 want: ^2.0.0
1360 silly placeDep ROOT which@2.0.2 OK for: cross-spawn@7.0.6 want: ^2.0.1
1361 silly fetch manifest shebang-regex@^3.0.0
1362 silly packumentCache full:https://registry.npmjs.org/shebang-regex cache-miss
1363 silly fetch manifest isexe@^2.0.0
1364 silly packumentCache full:https://registry.npmjs.org/isexe cache-miss
1365 http fetch GET 200 https://registry.npmjs.org/shebang-regex 85ms (cache miss)
1366 silly packumentCache full:https://registry.npmjs.org/shebang-regex set size:undefined disposed:false
1367 http fetch GET 200 https://registry.npmjs.org/isexe 682ms (cache miss)
1368 silly packumentCache full:https://registry.npmjs.org/isexe set size:undefined disposed:false
1369 silly placeDep ROOT esrecurse@4.3.0 OK for: eslint-scope@8.4.0 want: ^4.3.0
1370 silly placeDep ROOT estraverse@5.3.0 OK for: eslint-scope@8.4.0 want: ^5.2.0
1371 silly placeDep ROOT acorn@8.18.0 OK for: espree@10.4.0 want: ^8.15.0
1372 silly placeDep ROOT acorn-jsx@5.3.2 OK for: espree@10.4.0 want: ^5.3.2
1373 silly placeDep ROOT accepts@1.3.8 OK for: express@4.22.2 want: ~1.3.8
1374 silly placeDep ROOT array-flatten@1.1.1 OK for: express@4.22.2 want: 1.1.1
1375 silly placeDep ROOT body-parser@1.20.6 OK for: express@4.22.2 want: ~1.20.5
1376 silly placeDep ROOT content-disposition@0.5.4 OK for: express@4.22.2 want: ~0.5.4
1377 silly placeDep ROOT content-type@1.0.5 OK for: express@4.22.2 want: ~1.0.4
1378 silly placeDep ROOT cookie@0.7.2 OK for: express@4.22.2 want: ~0.7.1
1379 silly placeDep ROOT cookie-signature@1.0.7 OK for: express@4.22.2 want: ~1.0.6
1380 silly placeDep node_modules/express debug@2.6.9 OK for: express@4.22.2 want: 2.6.9
1381 silly placeDep ROOT depd@2.0.0 OK for: express@4.22.2 want: 2.0.0
1382 silly placeDep ROOT encodeurl@2.0.0 OK for: express@4.22.2 want: ~2.0.0
1383 silly placeDep ROOT escape-html@1.0.3 OK for: express@4.22.2 want: ~1.0.3
1384 silly placeDep ROOT etag@1.8.1 OK for: express@4.22.2 want: ~1.8.1
1385 silly placeDep ROOT finalhandler@1.3.2 OK for: express@4.22.2 want: ~1.3.1
1386 silly placeDep ROOT fresh@0.5.2 OK for: express@4.22.2 want: ~0.5.2
1387 silly placeDep ROOT http-errors@2.0.1 OK for: express@4.22.2 want: ~2.0.0
1388 silly placeDep ROOT merge-descriptors@1.0.3 OK for: express@4.22.2 want: 1.0.3
1389 silly placeDep ROOT methods@1.1.2 OK for: express@4.22.2 want: ~1.1.2
1390 silly placeDep ROOT on-finished@2.4.1 OK for: express@4.22.2 want: ~2.4.1
1391 silly placeDep ROOT parseurl@1.3.3 OK for: express@4.22.2 want: ~1.3.3
1392 silly placeDep ROOT path-to-regexp@0.1.13 OK for: express@4.22.2 want: ~0.1.12
1393 silly placeDep ROOT proxy-addr@2.0.7 OK for: express@4.22.2 want: ~2.0.7
1394 silly placeDep ROOT qs@6.15.3 OK for: express@4.22.2 want: ~6.15.1
1395 silly placeDep ROOT range-parser@1.2.1 OK for: express@4.22.2 want: ~1.2.1
1396 silly placeDep ROOT safe-buffer@5.2.1 OK for: express@4.22.2 want: 5.2.1
1397 silly placeDep ROOT send@0.19.2 OK for: express@4.22.2 want: ~0.19.0
1398 silly placeDep ROOT serve-static@1.16.3 OK for: express@4.22.2 want: ~1.16.2
1399 silly placeDep ROOT setprototypeof@1.2.0 OK for: express@4.22.2 want: 1.2.0
1400 silly placeDep ROOT statuses@2.0.2 OK for: express@4.22.2 want: ~2.0.1
1401 silly placeDep ROOT type-is@1.6.18 OK for: express@4.22.2 want: ~1.6.18
1402 silly placeDep ROOT utils-merge@1.0.1 OK for: express@4.22.2 want: 1.0.1
1403 silly fetch manifest mime-types@~2.1.34
1404 silly packumentCache full:https://registry.npmjs.org/mime-types cache-miss
1405 silly fetch manifest negotiator@0.6.3
1406 silly packumentCache full:https://registry.npmjs.org/negotiator cache-miss
1407 silly fetch manifest bytes@~3.1.2
1408 silly packumentCache full:https://registry.npmjs.org/bytes cache-miss
1409 http fetch GET 200 https://registry.npmjs.org/negotiator 406ms (cache miss)
1410 silly packumentCache full:https://registry.npmjs.org/negotiator set size:undefined disposed:false
1411 silly fetch manifest unpipe@~1.0.0
1412 silly packumentCache full:https://registry.npmjs.org/unpipe cache-miss
1413 http fetch GET 200 https://registry.npmjs.org/mime-types 413ms (cache miss)
1414 silly packumentCache full:https://registry.npmjs.org/mime-types set size:undefined disposed:false
1415 silly fetch manifest destroy@~1.2.0
1416 silly packumentCache full:https://registry.npmjs.org/destroy cache-miss
1417 http fetch GET 200 https://registry.npmjs.org/unpipe 224ms (cache miss)
1418 silly packumentCache full:https://registry.npmjs.org/unpipe set size:undefined disposed:false
1419 silly fetch manifest raw-body@~2.5.3
1420 silly packumentCache full:https://registry.npmjs.org/raw-body cache-miss
1421 http fetch GET 200 https://registry.npmjs.org/destroy 219ms (cache miss)
1422 silly packumentCache full:https://registry.npmjs.org/destroy set size:undefined disposed:false
1423 silly fetch manifest iconv-lite@~0.4.24
1424 silly packumentCache full:https://registry.npmjs.org/iconv-lite cache-miss
1425 http fetch GET 200 https://registry.npmjs.org/bytes 937ms (cache miss)
1426 silly packumentCache full:https://registry.npmjs.org/bytes set size:undefined disposed:false
1427 silly fetch manifest http-errors@~2.0.1
1428 silly packumentCache full:https://registry.npmjs.org/http-errors cache-miss
1429 http fetch GET 200 https://registry.npmjs.org/iconv-lite 308ms (cache miss)
1430 silly packumentCache full:https://registry.npmjs.org/iconv-lite set size:undefined disposed:false
1431 silly fetch manifest content-type@~1.0.5
1432 silly packumentCache full:https://registry.npmjs.org/content-type cache-miss
1433 http cache https://registry.npmjs.org/http-errors 84ms (cache hit)
1434 silly packumentCache full:https://registry.npmjs.org/http-errors set size:71987 disposed:false
1435 silly fetch manifest ms@2.0.0
1436 silly packumentCache full:https://registry.npmjs.org/ms cache-miss
1437 http cache https://registry.npmjs.org/content-type 82ms (cache hit)
1438 silly packumentCache full:https://registry.npmjs.org/content-type set size:18994 disposed:false
1439 silly fetch manifest statuses@~2.0.2
1440 silly packumentCache full:https://registry.npmjs.org/statuses cache-miss
1441 http fetch GET 200 https://registry.npmjs.org/raw-body 402ms (cache miss)
1442 silly packumentCache full:https://registry.npmjs.org/raw-body set size:undefined disposed:false
1443 silly fetch manifest inherits@~2.0.4
1444 silly packumentCache full:https://registry.npmjs.org/inherits cache-miss
1445 http cache https://registry.npmjs.org/statuses 31ms (cache hit)
1446 silly packumentCache full:https://registry.npmjs.org/statuses set size:37117 disposed:false
1447 silly fetch manifest setprototypeof@~1.2.0
1448 silly packumentCache full:https://registry.npmjs.org/setprototypeof cache-miss
1449 http cache https://registry.npmjs.org/ms 40ms (cache hit)
1450 silly packumentCache full:https://registry.npmjs.org/ms set size:92208 disposed:false
1451 silly fetch manifest toidentifier@~1.0.1
1452 silly packumentCache full:https://registry.npmjs.org/toidentifier cache-miss
1453 http cache https://registry.npmjs.org/setprototypeof 26ms (cache hit)
1454 silly packumentCache full:https://registry.npmjs.org/setprototypeof set size:14532 disposed:false
1455 silly fetch manifest ee-first@1.1.1
1456 silly packumentCache full:https://registry.npmjs.org/ee-first cache-miss
1457 http fetch GET 200 https://registry.npmjs.org/inherits 124ms (cache miss)
1458 silly packumentCache full:https://registry.npmjs.org/inherits set size:undefined disposed:false
1459 silly fetch manifest forwarded@0.2.0
1460 silly packumentCache full:https://registry.npmjs.org/forwarded cache-miss
1461 http fetch GET 200 https://registry.npmjs.org/toidentifier 103ms (cache miss)
1462 silly packumentCache full:https://registry.npmjs.org/toidentifier set size:undefined disposed:false
1463 silly fetch manifest ipaddr.js@1.9.1
1464 silly packumentCache full:https://registry.npmjs.org/ipaddr.js cache-miss
1465 http fetch GET 200 https://registry.npmjs.org/forwarded 69ms (cache miss)
1466 silly packumentCache full:https://registry.npmjs.org/forwarded set size:undefined disposed:false
1467 silly fetch manifest side-channel@^1.1.1
1468 silly packumentCache full:https://registry.npmjs.org/side-channel cache-miss
1469 http fetch GET 200 https://registry.npmjs.org/ee-first 189ms (cache miss)
1470 silly packumentCache full:https://registry.npmjs.org/ee-first set size:undefined disposed:false
1471 silly fetch manifest es-define-property@^1.0.1
1472 silly packumentCache full:https://registry.npmjs.org/es-define-property cache-miss
1473 http fetch GET 200 https://registry.npmjs.org/ipaddr.js 110ms (cache miss)
1474 silly packumentCache full:https://registry.npmjs.org/ipaddr.js set size:undefined disposed:false
1475 silly fetch manifest mime@1.6.0
1476 silly packumentCache full:https://registry.npmjs.org/mime cache-miss
1477 http fetch GET 200 https://registry.npmjs.org/side-channel 67ms (cache miss)
1478 silly packumentCache full:https://registry.npmjs.org/side-channel set size:undefined disposed:false
1479 silly fetch manifest destroy@1.2.0
1480 silly packumentCache full:https://registry.npmjs.org/destroy cache-miss
1481 http cache https://registry.npmjs.org/destroy 9ms (cache hit)
1482 silly packumentCache full:https://registry.npmjs.org/destroy set size:15738 disposed:false
1483 silly fetch manifest mime-types@~2.1.24
1484 silly packumentCache full:https://registry.npmjs.org/mime-types cache-miss
1485 http cache https://registry.npmjs.org/mime-types 8ms (cache hit)
1486 silly packumentCache full:https://registry.npmjs.org/mime-types set size:139110 disposed:false
1487 silly fetch manifest media-typer@0.3.0
1488 silly packumentCache full:https://registry.npmjs.org/media-typer cache-miss
1489 http fetch GET 200 https://registry.npmjs.org/es-define-property 199ms (cache miss)
1490 silly packumentCache full:https://registry.npmjs.org/es-define-property set size:undefined disposed:false
1491 http fetch GET 200 https://registry.npmjs.org/media-typer 277ms (cache miss)
1492 silly packumentCache full:https://registry.npmjs.org/media-typer set size:undefined disposed:false
1493 http fetch GET 200 https://registry.npmjs.org/mime 968ms (cache miss)
1494 silly packumentCache full:https://registry.npmjs.org/mime set size:undefined disposed:false
1495 silly placeDep ROOT mime-types@2.1.35 OK for: accepts@1.3.8 want: ~2.1.34
1496 silly placeDep ROOT negotiator@0.6.3 OK for: accepts@1.3.8 want: 0.6.3
1497 silly fetch manifest mime-db@1.52.0
1498 silly packumentCache full:https://registry.npmjs.org/mime-db cache-miss
1499 http fetch GET 200 https://registry.npmjs.org/mime-db 147ms (cache miss)
1500 silly packumentCache full:https://registry.npmjs.org/mime-db set size:undefined disposed:false
1501 silly placeDep ROOT bytes@3.1.2 OK for: body-parser@1.20.6 want: ~3.1.2
1502 silly placeDep node_modules/body-parser debug@2.6.9 OK for: body-parser@1.20.6 want: 2.6.9
1503 silly placeDep ROOT destroy@1.2.0 OK for: body-parser@1.20.6 want: ~1.2.0
1504 silly placeDep ROOT iconv-lite@0.4.24 OK for: body-parser@1.20.6 want: ~0.4.24
1505 silly placeDep ROOT raw-body@2.5.3 OK for: body-parser@1.20.6 want: ~2.5.3
1506 silly placeDep ROOT unpipe@1.0.0 OK for: body-parser@1.20.6 want: ~1.0.0
1507 silly fetch manifest safer-buffer@>= 2.1.2 < 3
1508 silly packumentCache full:https://registry.npmjs.org/safer-buffer cache-miss
1509 http fetch GET 200 https://registry.npmjs.org/safer-buffer 93ms (cache miss)
1510 silly packumentCache full:https://registry.npmjs.org/safer-buffer set size:undefined disposed:false
1511 silly placeDep ROOT flat-cache@4.0.1 OK for: file-entry-cache@8.0.0 want: ^4.0.0
1512 silly fetch manifest keyv@^4.5.4
1513 silly packumentCache full:https://registry.npmjs.org/keyv cache-miss
1514 silly fetch manifest flatted@^3.2.9
1515 silly packumentCache full:https://registry.npmjs.org/flatted cache-miss
1516 http fetch GET 200 https://registry.npmjs.org/flatted 150ms (cache miss)
1517 silly packumentCache full:https://registry.npmjs.org/flatted set size:undefined disposed:false
1518 http fetch GET 200 https://registry.npmjs.org/keyv 1293ms (cache miss)
1519 silly packumentCache full:https://registry.npmjs.org/keyv set size:undefined disposed:false
1520 silly placeDep node_modules/finalhandler debug@2.6.9 OK for: finalhandler@1.3.2 want: 2.6.9
1521 silly placeDep ROOT locate-path@6.0.0 OK for: find-up@5.0.0 want: ^6.0.0
1522 silly placeDep ROOT path-exists@4.0.0 OK for: find-up@5.0.0 want: ^4.0.0
1523 silly fetch manifest p-locate@^5.0.0
1524 silly packumentCache full:https://registry.npmjs.org/p-locate cache-miss
1525 http fetch GET 200 https://registry.npmjs.org/p-locate 372ms (cache miss)
1526 silly packumentCache full:https://registry.npmjs.org/p-locate set size:undefined disposed:false
1527 silly placeDep ROOT flatted@3.4.4 OK for: flat-cache@4.0.1 want: ^3.2.9
1528 silly placeDep ROOT keyv@4.5.4 OK for: flat-cache@4.0.1 want: ^4.5.4
1529 silly fetch manifest json-buffer@3.0.1
1530 silly packumentCache full:https://registry.npmjs.org/json-buffer cache-miss
1531 http fetch GET 200 https://registry.npmjs.org/json-buffer 302ms (cache miss)
1532 silly packumentCache full:https://registry.npmjs.org/json-buffer set size:undefined disposed:false
1533 silly placeDep ROOT motion-dom@12.43.0 OK for: framer-motion@12.43.0 want: ^12.43.0
1534 silly placeDep ROOT motion-utils@12.39.0 OK for: framer-motion@12.43.0 want: ^12.39.0
1535 silly placeDep ROOT inherits@2.0.4 OK for: http-errors@2.0.1 want: ~2.0.4
1536 silly placeDep ROOT toidentifier@1.0.1 OK for: http-errors@2.0.1 want: ~1.0.1
1537 silly placeDep ROOT safer-buffer@2.1.2 OK for: iconv-lite@0.4.24 want: >= 2.1.2 < 3
1538 silly placeDep ROOT parent-module@1.0.1 OK for: import-fresh@3.3.1 want: ^1.0.0
1539 silly placeDep ROOT resolve-from@4.0.0 OK for: import-fresh@3.3.1 want: ^4.0.0
1540 silly fetch manifest callsites@^3.0.0
1541 silly packumentCache full:https://registry.npmjs.org/callsites cache-miss
1542 http fetch GET 200 https://registry.npmjs.org/callsites 179ms (cache miss)
1543 silly packumentCache full:https://registry.npmjs.org/callsites set size:undefined disposed:false
1544 silly placeDep ROOT is-extglob@2.1.1 OK for: is-glob@4.0.3 want: ^2.1.1
1545 silly placeDep ROOT argparse@2.0.1 OK for: js-yaml@4.3.1 want: ^2.0.1
1546 silly placeDep ROOT json-buffer@3.0.1 OK for: keyv@4.5.4 want: 3.0.1
1547 silly placeDep ROOT prelude-ls@1.2.1 OK for: levn@0.4.1 want: ^1.2.1
1548 silly placeDep ROOT type-check@0.4.0 OK for: levn@0.4.1 want: ~0.4.0
1549 silly placeDep ROOT p-locate@5.0.0 OK for: locate-path@6.0.0 want: ^5.0.0
1550 silly fetch manifest p-limit@^3.0.2
1551 silly packumentCache full:https://registry.npmjs.org/p-limit cache-miss
1552 http fetch GET 200 https://registry.npmjs.org/p-limit 79ms (cache miss)
1553 silly packumentCache full:https://registry.npmjs.org/p-limit set size:undefined disposed:false
1554 silly placeDep ROOT yallist@3.1.1 OK for: lru-cache@5.1.1 want: ^3.0.2
1555 silly placeDep ROOT mime-db@1.52.0 OK for: mime-types@2.1.35 want: 1.52.0
1556 silly placeDep ROOT brace-expansion@1.1.18 OK for: minimatch@3.1.5 want: ^1.1.7
1557 silly fetch manifest concat-map@0.0.1
1558 silly packumentCache full:https://registry.npmjs.org/concat-map cache-miss
1559 silly fetch manifest balanced-match@^1.0.0
1560 silly packumentCache full:https://registry.npmjs.org/balanced-match cache-miss
1561 http fetch GET 200 https://registry.npmjs.org/concat-map 88ms (cache miss)
1562 silly packumentCache full:https://registry.npmjs.org/concat-map set size:undefined disposed:false
1563 http fetch GET 200 https://registry.npmjs.org/balanced-match 212ms (cache miss)
1564 silly packumentCache full:https://registry.npmjs.org/balanced-match set size:undefined disposed:false
1565 silly placeDep ROOT balanced-match@1.0.2 OK for: brace-expansion@1.1.18 want: ^1.0.0
1566 silly placeDep ROOT concat-map@0.0.1 OK for: brace-expansion@1.1.18 want: 0.0.1
1567 silly placeDep ROOT basic-auth@2.0.1 OK for: morgan@1.11.0 want: ~2.0.1
1568 silly placeDep node_modules/morgan debug@2.6.9 OK for: morgan@1.11.0 want: 2.6.9
1569 silly placeDep ROOT on-headers@1.1.0 OK for: morgan@1.11.0 want: ~1.1.0
1570 silly fetch manifest safe-buffer@5.1.2
1571 silly packumentCache full:https://registry.npmjs.org/safe-buffer cache-miss
1572 http cache https://registry.npmjs.org/safe-buffer 13ms (cache hit)
1573 silly packumentCache full:https://registry.npmjs.org/safe-buffer set size:41183 disposed:false
1574 silly placeDep node_modules/basic-auth safe-buffer@5.1.2 OK for: basic-auth@2.0.1 want: 5.1.2
1575 silly placeDep ROOT ee-first@1.1.1 OK for: on-finished@2.4.1 want: 1.1.1
1576 silly placeDep ROOT deep-is@0.1.4 OK for: optionator@0.9.4 want: ^0.1.3
1577 silly placeDep ROOT fast-levenshtein@2.0.6 OK for: optionator@0.9.4 want: ^2.0.6
1578 silly placeDep ROOT word-wrap@1.2.5 OK for: optionator@0.9.4 want: ^1.2.5
1579 silly placeDep ROOT p-limit@3.1.0 OK for: p-locate@5.0.0 want: ^3.0.2
1580 silly fetch manifest yocto-queue@^0.1.0
1581 silly packumentCache full:https://registry.npmjs.org/yocto-queue cache-miss
1582 http fetch GET 200 https://registry.npmjs.org/yocto-queue 57ms (cache miss)
1583 silly packumentCache full:https://registry.npmjs.org/yocto-queue set size:undefined disposed:false
1584 silly placeDep ROOT yocto-queue@0.1.0 OK for: p-limit@3.1.0 want: ^0.1.0
1585 silly placeDep ROOT callsites@3.1.0 OK for: parent-module@1.0.1 want: ^3.0.0
1586 silly placeDep ROOT nanoid@3.3.16 OK for: postcss@8.5.25 want: ^3.3.16
1587 silly placeDep ROOT source-map-js@1.2.1 OK for: postcss@8.5.25 want: ^1.2.1
1588 silly placeDep ROOT forwarded@0.2.0 OK for: proxy-addr@2.0.7 want: 0.2.0
1589 silly placeDep ROOT ipaddr.js@1.9.1 OK for: proxy-addr@2.0.7 want: 1.9.1
1590 silly placeDep ROOT es-define-property@1.0.1 OK for: qs@6.15.3 want: ^1.0.1
1591 silly placeDep ROOT side-channel@1.1.1 OK for: qs@6.15.3 want: ^1.1.1
1592 silly fetch manifest es-errors@^1.3.0
1593 silly packumentCache full:https://registry.npmjs.org/es-errors cache-miss
1594 silly fetch manifest object-inspect@^1.13.4
1595 silly packumentCache full:https://registry.npmjs.org/object-inspect cache-miss
1596 silly fetch manifest side-channel-list@^1.0.1
1597 silly packumentCache full:https://registry.npmjs.org/side-channel-list cache-miss
1598 http fetch GET 200 https://registry.npmjs.org/side-channel-list 65ms (cache miss)
1599 silly packumentCache full:https://registry.npmjs.org/side-channel-list set size:undefined disposed:false
1600 silly fetch manifest side-channel-map@^1.0.1
1601 silly packumentCache full:https://registry.npmjs.org/side-channel-map cache-miss
1602 http fetch GET 200 https://registry.npmjs.org/es-errors 74ms (cache miss)
1603 silly packumentCache full:https://registry.npmjs.org/es-errors set size:undefined disposed:false
1604 silly fetch manifest side-channel-weakmap@^1.0.2
1605 silly packumentCache full:https://registry.npmjs.org/side-channel-weakmap cache-miss
1606 http fetch GET 200 https://registry.npmjs.org/side-channel-map 55ms (cache miss)
1607 silly packumentCache full:https://registry.npmjs.org/side-channel-map set size:undefined disposed:false
1608 http fetch GET 200 https://registry.npmjs.org/side-channel-weakmap 531ms (cache miss)
1609 silly packumentCache full:https://registry.npmjs.org/side-channel-weakmap set size:undefined disposed:false
1610 http fetch GET 200 https://registry.npmjs.org/object-inspect 711ms (cache miss)
1611 silly packumentCache full:https://registry.npmjs.org/object-inspect set size:undefined disposed:false
1612 silly placeDep ROOT scheduler@0.27.0 OK for: react-dom@19.2.8 want: ^0.27.0
1613 silly fetch manifest react@>=18
1614 silly packumentCache full:https://registry.npmjs.org/react cache-miss
1615 http cache https://registry.npmjs.org/react 33ms (cache hit)
1616 silly packumentCache full:https://registry.npmjs.org/react set size:6859098 disposed:false
1617 silly fetch manifest react-dom@>=18
1618 silly packumentCache full:https://registry.npmjs.org/react-dom cache-miss
1619 http cache https://registry.npmjs.org/react-dom 87ms (cache hit)
1620 silly packumentCache full:https://registry.npmjs.org/react-dom set size:9206376 disposed:false
1621 silly placeDep ROOT react-router@7.18.2 OK for: react-router-dom@7.18.2 want: 7.18.2
1622 silly fetch manifest cookie@^1.0.1
1623 silly packumentCache full:https://registry.npmjs.org/cookie cache-miss
1624 silly fetch manifest set-cookie-parser@^2.6.0
1625 silly packumentCache full:https://registry.npmjs.org/set-cookie-parser cache-miss
1626 http cache https://registry.npmjs.org/cookie 13ms (cache hit)
1627 silly packumentCache full:https://registry.npmjs.org/cookie set size:78274 disposed:false
1628 http fetch GET 200 https://registry.npmjs.org/set-cookie-parser 97ms (cache miss)
1629 silly packumentCache full:https://registry.npmjs.org/set-cookie-parser set size:undefined disposed:false
1630 silly placeDep node_modules/react-router cookie@1.1.1 OK for: react-router@7.18.2 want: ^1.0.1
1631 silly placeDep ROOT set-cookie-parser@2.7.2 OK for: react-router@7.18.2 want: ^2.6.0
1632 silly placeDep node_modules/send debug@2.6.9 OK for: send@0.19.2 want: 2.6.9
1633 silly placeDep ROOT mime@1.6.0 OK for: send@0.19.2 want: 1.6.0
1634 silly placeDep ROOT shebang-regex@3.0.0 OK for: shebang-command@2.0.0 want: ^3.0.0
1635 silly placeDep ROOT es-errors@1.3.0 OK for: side-channel@1.1.1 want: ^1.3.0
1636 silly placeDep ROOT object-inspect@1.13.4 OK for: side-channel@1.1.1 want: ^1.13.4
1637 silly placeDep ROOT side-channel-list@1.0.1 OK for: side-channel@1.1.1 want: ^1.0.1
1638 silly placeDep ROOT side-channel-map@1.0.1 OK for: side-channel@1.1.1 want: ^1.0.1
1639 silly placeDep ROOT side-channel-weakmap@1.0.2 OK for: side-channel@1.1.1 want: ^1.0.2
1640 silly fetch manifest call-bound@^1.0.2
1641 silly packumentCache full:https://registry.npmjs.org/call-bound cache-miss
1642 silly fetch manifest get-intrinsic@^1.2.5
1643 silly packumentCache full:https://registry.npmjs.org/get-intrinsic cache-miss
1644 silly fetch manifest call-bound@^1.0.2
1645 silly packumentCache full:https://registry.npmjs.org/call-bound cache-miss
1646 http fetch GET 200 https://registry.npmjs.org/call-bound 419ms (cache miss)
1647 silly packumentCache full:https://registry.npmjs.org/call-bound set size:undefined disposed:false
1648 silly fetch manifest get-intrinsic@^1.2.5
1649 silly packumentCache full:https://registry.npmjs.org/get-intrinsic cache-miss
1650 http fetch GET 200 https://registry.npmjs.org/get-intrinsic 423ms (cache miss)
1651 silly packumentCache full:https://registry.npmjs.org/get-intrinsic set size:undefined disposed:false
1652 http fetch GET 200 https://registry.npmjs.org/call-bound 426ms (cache miss)
1653 silly packumentCache full:https://registry.npmjs.org/call-bound set size:undefined disposed:false
1654 http cache https://registry.npmjs.org/get-intrinsic 14ms (cache hit)
1655 silly packumentCache full:https://registry.npmjs.org/get-intrinsic set size:60985 disposed:false
1656 silly placeDep ROOT call-bound@1.0.4 OK for: side-channel-map@1.0.1 want: ^1.0.2
1657 silly placeDep ROOT get-intrinsic@1.3.0 OK for: side-channel-map@1.0.1 want: ^1.2.5
1658 silly fetch manifest call-bind-apply-helpers@^1.0.2
1659 silly packumentCache full:https://registry.npmjs.org/call-bind-apply-helpers cache-miss
1660 silly fetch manifest get-intrinsic@^1.3.0
1661 silly packumentCache full:https://registry.npmjs.org/get-intrinsic cache-hit
1662 silly fetch manifest gopd@^1.2.0
1663 silly packumentCache full:https://registry.npmjs.org/gopd cache-miss
1664 silly fetch manifest hasown@^2.0.2
1665 silly packumentCache full:https://registry.npmjs.org/hasown cache-miss
1666 http fetch GET 200 https://registry.npmjs.org/gopd 192ms (cache miss)
1667 silly packumentCache full:https://registry.npmjs.org/gopd set size:undefined disposed:false
1668 silly fetch manifest get-proto@^1.0.1
1669 silly packumentCache full:https://registry.npmjs.org/get-proto cache-miss
1670 http fetch GET 200 https://registry.npmjs.org/call-bind-apply-helpers 196ms (cache miss)
1671 silly packumentCache full:https://registry.npmjs.org/call-bind-apply-helpers set size:undefined disposed:false
1672 silly fetch manifest has-symbols@^1.1.0
1673 silly packumentCache full:https://registry.npmjs.org/has-symbols cache-miss
1674 http fetch GET 200 https://registry.npmjs.org/hasown 238ms (cache miss)
1675 silly packumentCache full:https://registry.npmjs.org/hasown set size:undefined disposed:false
1676 silly fetch manifest function-bind@^1.1.2
1677 silly packumentCache full:https://registry.npmjs.org/function-bind cache-miss
1678 http fetch GET 200 https://registry.npmjs.org/get-proto 82ms (cache miss)
1679 silly packumentCache full:https://registry.npmjs.org/get-proto set size:undefined disposed:false
1680 silly fetch manifest es-object-atoms@^1.1.1
1681 silly packumentCache full:https://registry.npmjs.org/es-object-atoms cache-miss
1682 http fetch GET 200 https://registry.npmjs.org/has-symbols 84ms (cache miss)
1683 silly packumentCache full:https://registry.npmjs.org/has-symbols set size:undefined disposed:false
1684 silly fetch manifest math-intrinsics@^1.1.0
1685 silly packumentCache full:https://registry.npmjs.org/math-intrinsics cache-miss
1686 http fetch GET 200 https://registry.npmjs.org/function-bind 116ms (cache miss)
1687 silly packumentCache full:https://registry.npmjs.org/function-bind set size:undefined disposed:false
1688 http fetch GET 200 https://registry.npmjs.org/es-object-atoms 210ms (cache miss)
1689 silly packumentCache full:https://registry.npmjs.org/es-object-atoms set size:undefined disposed:false
1690 http fetch GET 200 https://registry.npmjs.org/math-intrinsics 254ms (cache miss)
1691 silly packumentCache full:https://registry.npmjs.org/math-intrinsics set size:undefined disposed:false
1692 silly placeDep ROOT call-bind-apply-helpers@1.0.2 OK for: call-bound@1.0.4 want: ^1.0.2
1693 silly placeDep ROOT function-bind@1.1.2 OK for: call-bind-apply-helpers@1.0.2 want: ^1.1.2
1694 silly placeDep ROOT es-object-atoms@1.1.2 OK for: get-intrinsic@1.3.0 want: ^1.1.1
1695 silly placeDep ROOT get-proto@1.0.1 OK for: get-intrinsic@1.3.0 want: ^1.0.1
1696 silly placeDep ROOT gopd@1.2.0 OK for: get-intrinsic@1.3.0 want: ^1.2.0
1697 silly placeDep ROOT has-symbols@1.1.0 OK for: get-intrinsic@1.3.0 want: ^1.1.0
1698 silly placeDep ROOT hasown@2.0.4 OK for: get-intrinsic@1.3.0 want: ^2.0.2
1699 silly placeDep ROOT math-intrinsics@1.1.0 OK for: get-intrinsic@1.3.0 want: ^1.1.0
1700 silly fetch manifest dunder-proto@^1.0.1
1701 silly packumentCache full:https://registry.npmjs.org/dunder-proto cache-miss
1702 http fetch GET 200 https://registry.npmjs.org/dunder-proto 119ms (cache miss)
1703 silly packumentCache full:https://registry.npmjs.org/dunder-proto set size:undefined disposed:false
1704 silly placeDep ROOT dunder-proto@1.0.1 OK for: get-proto@1.0.1 want: ^1.0.1
1705 silly fetch manifest postcss@^8.4.47
1706 silly packumentCache full:https://registry.npmjs.org/postcss cache-hit
1707 silly placeDep ROOT @alloc/quick-lru@5.2.0 OK for: tailwindcss@3.4.19 want: ^5.2.0
1708 silly placeDep ROOT arg@5.0.2 OK for: tailwindcss@3.4.19 want: ^5.0.2
1709 silly placeDep ROOT chokidar@3.6.0 OK for: tailwindcss@3.4.19 want: ^3.6.0
1710 silly placeDep ROOT didyoumean@1.2.2 OK for: tailwindcss@3.4.19 want: ^1.2.2
1711 silly placeDep ROOT dlv@1.1.3 OK for: tailwindcss@3.4.19 want: ^1.1.3
1712 silly placeDep ROOT fast-glob@3.3.3 OK for: tailwindcss@3.4.19 want: ^3.3.2
1713 silly placeDep ROOT jiti@1.21.7 OK for: tailwindcss@3.4.19 want: ^1.21.7
1714 silly placeDep ROOT lilconfig@3.1.3 OK for: tailwindcss@3.4.19 want: ^3.1.3
1715 silly placeDep ROOT micromatch@4.0.8 OK for: tailwindcss@3.4.19 want: ^4.0.8
1716 silly placeDep ROOT normalize-path@3.0.0 OK for: tailwindcss@3.4.19 want: ^3.0.0
1717 silly placeDep ROOT object-hash@3.0.0 OK for: tailwindcss@3.4.19 want: ^3.0.0
1718 silly placeDep ROOT postcss-import@15.1.0 OK for: tailwindcss@3.4.19 want: ^15.1.0
1719 silly placeDep ROOT postcss-js@4.1.0 OK for: tailwindcss@3.4.19 want: ^4.0.1
1720 silly placeDep ROOT postcss-load-config@6.0.1 OK for: tailwindcss@3.4.19 want: ^4.0.2 || ^5.0 || ^6.0
1721 silly placeDep ROOT postcss-nested@6.2.0 OK for: tailwindcss@3.4.19 want: ^6.2.0
1722 silly placeDep ROOT postcss-selector-parser@6.1.4 OK for: tailwindcss@3.4.19 want: ^6.1.2
1723 silly placeDep ROOT resolve@1.22.12 OK for: tailwindcss@3.4.19 want: ^1.22.8
1724 silly placeDep ROOT sucrase@3.35.1 OK for: tailwindcss@3.4.19 want: ^3.35.0
1725 silly fetch manifest braces@~3.0.2
1726 silly packumentCache full:https://registry.npmjs.org/braces cache-miss
1727 silly fetch manifest anymatch@~3.1.2
1728 silly packumentCache full:https://registry.npmjs.org/anymatch cache-miss
1729 silly fetch manifest readdirp@~3.6.0
1730 silly packumentCache full:https://registry.npmjs.org/readdirp cache-miss
1731 http fetch GET 200 https://registry.npmjs.org/anymatch 93ms (cache miss)
1732 silly packumentCache full:https://registry.npmjs.org/anymatch set size:undefined disposed:false
1733 silly fetch manifest glob-parent@~5.1.2
1734 silly packumentCache full:https://registry.npmjs.org/glob-parent cache-miss
1735 http fetch GET 200 https://registry.npmjs.org/braces 102ms (cache miss)
1736 silly packumentCache full:https://registry.npmjs.org/braces set size:undefined disposed:false
1737 silly fetch manifest is-binary-path@~2.1.0
1738 silly packumentCache full:https://registry.npmjs.org/is-binary-path cache-miss
1739 http cache https://registry.npmjs.org/glob-parent 13ms (cache hit)
1740 silly packumentCache full:https://registry.npmjs.org/glob-parent set size:42445 disposed:false
1741 silly fetch manifest normalize-path@~3.0.0
1742 silly packumentCache full:https://registry.npmjs.org/normalize-path cache-miss
1743 http cache https://registry.npmjs.org/normalize-path 27ms (cache hit)
1744 silly packumentCache full:https://registry.npmjs.org/normalize-path set size:28713 disposed:false
1745 silly fetch manifest fsevents@~2.3.2
1746 silly packumentCache full:https://registry.npmjs.org/fsevents cache-miss
1747 http cache https://registry.npmjs.org/fsevents 24ms (cache hit)
1748 silly packumentCache full:https://registry.npmjs.org/fsevents set size:182472 disposed:false
1749 silly fetch manifest @nodelib/fs.stat@^2.0.2
1750 silly packumentCache full:https://registry.npmjs.org/@nodelib%2ffs.stat cache-miss
1751 http fetch GET 200 https://registry.npmjs.org/is-binary-path 75ms (cache miss)
1752 silly packumentCache full:https://registry.npmjs.org/is-binary-path set size:undefined disposed:false
1753 silly fetch manifest @nodelib/fs.walk@^1.2.3
1754 silly packumentCache full:https://registry.npmjs.org/@nodelib%2ffs.walk cache-miss
1755 http fetch GET 200 https://registry.npmjs.org/readdirp 419ms (cache miss)
1756 silly packumentCache full:https://registry.npmjs.org/readdirp set size:undefined disposed:false
1757 silly fetch manifest glob-parent@^5.1.2
1758 silly packumentCache full:https://registry.npmjs.org/glob-parent cache-hit
1759 silly fetch manifest merge2@^1.3.0
1760 silly packumentCache full:https://registry.npmjs.org/merge2 cache-miss
1761 http fetch GET 200 https://registry.npmjs.org/@nodelib%2ffs.stat 270ms (cache miss)
1762 silly packumentCache full:https://registry.npmjs.org/@nodelib%2ffs.stat set size:undefined disposed:false
1763 silly fetch manifest braces@^3.0.3
1764 silly packumentCache full:https://registry.npmjs.org/braces cache-miss
1765 http cache https://registry.npmjs.org/braces 20ms (cache hit)
1766 silly packumentCache full:https://registry.npmjs.org/braces set size:114529 disposed:false
1767 silly fetch manifest picomatch@^2.3.1
1768 silly packumentCache full:https://registry.npmjs.org/picomatch cache-miss
1769 http cache https://registry.npmjs.org/picomatch 17ms (cache hit)
1770 silly packumentCache full:https://registry.npmjs.org/picomatch set size:128942 disposed:false
1771 silly fetch manifest resolve@^1.1.7
1772 silly packumentCache full:https://registry.npmjs.org/resolve cache-miss
1773 http cache https://registry.npmjs.org/resolve 16ms (cache hit)
1774 silly packumentCache full:https://registry.npmjs.org/resolve set size:244568 disposed:false
1775 silly fetch manifest read-cache@^1.0.0
1776 silly packumentCache full:https://registry.npmjs.org/read-cache cache-miss
1777 http fetch GET 200 https://registry.npmjs.org/read-cache 69ms (cache miss)
1778 silly packumentCache full:https://registry.npmjs.org/read-cache set size:undefined disposed:false
1779 silly fetch manifest camelcase-css@^2.0.1
1780 silly packumentCache full:https://registry.npmjs.org/camelcase-css cache-miss
1781 http fetch GET 200 https://registry.npmjs.org/@nodelib%2ffs.walk 511ms (cache miss)
1782 silly packumentCache full:https://registry.npmjs.org/@nodelib%2ffs.walk set size:undefined disposed:false
1783 silly fetch manifest postcss-selector-parser@^6.1.1
1784 silly packumentCache full:https://registry.npmjs.org/postcss-selector-parser cache-miss
1785 http fetch GET 200 https://registry.npmjs.org/merge2 273ms (cache miss)
1786 silly packumentCache full:https://registry.npmjs.org/merge2 set size:undefined disposed:false
1787 silly fetch manifest cssesc@^3.0.0
1788 silly packumentCache full:https://registry.npmjs.org/cssesc cache-miss
1789 http cache https://registry.npmjs.org/postcss-selector-parser 21ms (cache hit)
1790 silly packumentCache full:https://registry.npmjs.org/postcss-selector-parser set size:193966 disposed:false
1791 silly fetch manifest util-deprecate@^1.0.2
1792 silly packumentCache full:https://registry.npmjs.org/util-deprecate cache-miss
1793 http fetch GET 200 https://registry.npmjs.org/camelcase-css 143ms (cache miss)
1794 silly packumentCache full:https://registry.npmjs.org/camelcase-css set size:undefined disposed:false
1795 silly fetch manifest path-parse@^1.0.7
1796 silly packumentCache full:https://registry.npmjs.org/path-parse cache-miss
1797 http fetch GET 200 https://registry.npmjs.org/util-deprecate 223ms (cache miss)
1798 silly packumentCache full:https://registry.npmjs.org/util-deprecate set size:undefined disposed:false
1799 silly fetch manifest is-core-module@^2.16.1
1800 silly packumentCache full:https://registry.npmjs.org/is-core-module cache-miss
1801 http fetch GET 200 https://registry.npmjs.org/cssesc 252ms (cache miss)
1802 silly packumentCache full:https://registry.npmjs.org/cssesc set size:undefined disposed:false
1803 silly fetch manifest supports-preserve-symlinks-flag@^1.0.0
1804 silly packumentCache full:https://registry.npmjs.org/supports-preserve-symlinks-flag cache-miss
1805 http fetch GET 200 https://registry.npmjs.org/path-parse 224ms (cache miss)
1806 silly packumentCache full:https://registry.npmjs.org/path-parse set size:undefined disposed:false
1807 silly fetch manifest commander@^4.0.0
1808 silly packumentCache full:https://registry.npmjs.org/commander cache-miss
1809 http fetch GET 200 https://registry.npmjs.org/supports-preserve-symlinks-flag 286ms (cache miss)
1810 silly packumentCache full:https://registry.npmjs.org/supports-preserve-symlinks-flag set size:undefined disposed:false
1811 silly fetch manifest lines-and-columns@^1.1.6
1812 silly packumentCache full:https://registry.npmjs.org/lines-and-columns cache-miss
1813 http fetch GET 200 https://registry.npmjs.org/commander 315ms (cache miss)
1814 silly packumentCache full:https://registry.npmjs.org/commander set size:undefined disposed:false
1815 silly fetch manifest mz@^2.7.0
1816 silly packumentCache full:https://registry.npmjs.org/mz cache-miss
1817 http fetch GET 200 https://registry.npmjs.org/is-core-module 503ms (cache miss)
1818 silly packumentCache full:https://registry.npmjs.org/is-core-module set size:undefined disposed:false
1819 silly fetch manifest pirates@^4.0.1
1820 silly packumentCache full:https://registry.npmjs.org/pirates cache-miss
1821 http fetch GET 200 https://registry.npmjs.org/lines-and-columns 231ms (cache miss)
1822 silly packumentCache full:https://registry.npmjs.org/lines-and-columns set size:undefined disposed:false
1823 silly fetch manifest tinyglobby@^0.2.11
1824 silly packumentCache full:https://registry.npmjs.org/tinyglobby cache-miss
1825 http cache https://registry.npmjs.org/tinyglobby 16ms (cache hit)
1826 silly packumentCache full:https://registry.npmjs.org/tinyglobby set size:54291 disposed:false
1827 silly fetch manifest ts-interface-checker@^0.1.9
1828 silly packumentCache full:https://registry.npmjs.org/ts-interface-checker cache-miss
1829 http fetch GET 200 https://registry.npmjs.org/mz 249ms (cache miss)
1830 silly packumentCache full:https://registry.npmjs.org/mz set size:undefined disposed:false
1831 http fetch GET 200 https://registry.npmjs.org/ts-interface-checker 87ms (cache miss)
1832 silly packumentCache full:https://registry.npmjs.org/ts-interface-checker set size:undefined disposed:false
1833 http fetch GET 200 https://registry.npmjs.org/pirates 423ms (cache miss)
1834 silly packumentCache full:https://registry.npmjs.org/pirates set size:undefined disposed:false
1835 silly placeDep ROOT anymatch@3.1.3 OK for: chokidar@3.6.0 want: ~3.1.2
1836 silly placeDep ROOT braces@3.0.3 OK for: chokidar@3.6.0 want: ~3.0.2
1837 silly placeDep ROOT fsevents@2.3.3 OK for: chokidar@3.6.0 want: ~2.3.2
1838 silly placeDep node_modules/chokidar glob-parent@5.1.2 OK for: chokidar@3.6.0 want: ~5.1.2
1839 silly placeDep ROOT is-binary-path@2.1.0 OK for: chokidar@3.6.0 want: ~2.1.0
1840 silly placeDep ROOT readdirp@3.6.0 OK for: chokidar@3.6.0 want: ~3.6.0
1841 silly fetch manifest picomatch@^2.0.4
1842 silly packumentCache full:https://registry.npmjs.org/picomatch cache-hit
1843 silly fetch manifest fill-range@^7.1.1
1844 silly packumentCache full:https://registry.npmjs.org/fill-range cache-miss
1845 silly fetch manifest binary-extensions@^2.0.0
1846 silly packumentCache full:https://registry.npmjs.org/binary-extensions cache-miss
1847 silly fetch manifest picomatch@^2.2.1
1848 silly packumentCache full:https://registry.npmjs.org/picomatch cache-hit
1849 http fetch GET 200 https://registry.npmjs.org/fill-range 357ms (cache miss)
1850 silly packumentCache full:https://registry.npmjs.org/fill-range set size:undefined disposed:false
1851 http fetch GET 200 https://registry.npmjs.org/binary-extensions 359ms (cache miss)
1852 silly packumentCache full:https://registry.npmjs.org/binary-extensions set size:undefined disposed:false
1853 silly placeDep ROOT picomatch@2.3.2 OK for: anymatch@3.1.3 want: ^2.0.4
1854 silly placeDep ROOT fill-range@7.1.1 OK for: braces@3.0.3 want: ^7.1.1
1855 silly fetch manifest to-regex-range@^5.0.1
1856 silly packumentCache full:https://registry.npmjs.org/to-regex-range cache-miss
1857 http fetch GET 200 https://registry.npmjs.org/to-regex-range 316ms (cache miss)
1858 silly packumentCache full:https://registry.npmjs.org/to-regex-range set size:undefined disposed:false
1859 silly placeDep ROOT @nodelib/fs.stat@2.0.5 OK for: fast-glob@3.3.3 want: ^2.0.2
1860 silly placeDep ROOT @nodelib/fs.walk@1.2.8 OK for: fast-glob@3.3.3 want: ^1.2.3
1861 silly placeDep node_modules/fast-glob glob-parent@5.1.2 OK for: fast-glob@3.3.3 want: ^5.1.2
1862 silly placeDep ROOT merge2@1.4.1 OK for: fast-glob@3.3.3 want: ^1.3.0
1863 silly fetch manifest fastq@^1.6.0
1864 silly packumentCache full:https://registry.npmjs.org/fastq cache-miss
1865 silly fetch manifest @nodelib/fs.scandir@2.1.5
1866 silly packumentCache full:https://registry.npmjs.org/@nodelib%2ffs.scandir cache-miss
1867 http fetch GET 200 https://registry.npmjs.org/@nodelib%2ffs.scandir 214ms (cache miss)
1868 silly packumentCache full:https://registry.npmjs.org/@nodelib%2ffs.scandir set size:undefined disposed:false
1869 http fetch GET 200 https://registry.npmjs.org/fastq 218ms (cache miss)
1870 silly packumentCache full:https://registry.npmjs.org/fastq set size:undefined disposed:false
1871 silly placeDep ROOT @nodelib/fs.scandir@2.1.5 OK for: @nodelib/fs.walk@1.2.8 want: 2.1.5
1872 silly placeDep ROOT fastq@1.20.1 OK for: @nodelib/fs.walk@1.2.8 want: ^1.6.0
1873 silly fetch manifest run-parallel@^1.1.9
1874 silly packumentCache full:https://registry.npmjs.org/run-parallel cache-miss
1875 silly fetch manifest reusify@^1.0.4
1876 silly packumentCache full:https://registry.npmjs.org/reusify cache-miss
1877 http fetch GET 200 https://registry.npmjs.org/reusify 101ms (cache miss)
1878 silly packumentCache full:https://registry.npmjs.org/reusify set size:undefined disposed:false
1879 http fetch GET 200 https://registry.npmjs.org/run-parallel 596ms (cache miss)
1880 silly packumentCache full:https://registry.npmjs.org/run-parallel set size:undefined disposed:false
1881 silly placeDep ROOT run-parallel@1.2.0 OK for: @nodelib/fs.scandir@2.1.5 want: ^1.1.9
1882 silly fetch manifest queue-microtask@^1.2.2
1883 silly packumentCache full:https://registry.npmjs.org/queue-microtask cache-miss
1884 http fetch GET 200 https://registry.npmjs.org/queue-microtask 64ms (cache miss)
1885 silly packumentCache full:https://registry.npmjs.org/queue-microtask set size:undefined disposed:false
1886 silly placeDep ROOT reusify@1.1.0 OK for: fastq@1.20.1 want: ^1.0.4
1887 silly placeDep ROOT to-regex-range@5.0.1 OK for: fill-range@7.1.1 want: ^5.0.1
1888 silly fetch manifest is-number@^7.0.0
1889 silly packumentCache full:https://registry.npmjs.org/is-number cache-miss
1890 http fetch GET 200 https://registry.npmjs.org/is-number 114ms (cache miss)
1891 silly packumentCache full:https://registry.npmjs.org/is-number set size:undefined disposed:false
1892 silly placeDep ROOT binary-extensions@2.3.0 OK for: is-binary-path@2.1.0 want: ^2.0.0
1893 silly placeDep ROOT read-cache@1.0.0 OK for: postcss-import@15.1.0 want: ^1.0.0
1894 silly fetch manifest pify@^2.3.0
1895 silly packumentCache full:https://registry.npmjs.org/pify cache-miss
1896 http fetch GET 200 https://registry.npmjs.org/pify 206ms (cache miss)
1897 silly packumentCache full:https://registry.npmjs.org/pify set size:undefined disposed:false
1898 silly placeDep ROOT camelcase-css@2.0.1 OK for: postcss-js@4.1.0 want: ^2.0.1
1899 silly placeDep ROOT cssesc@3.0.0 OK for: postcss-selector-parser@6.1.4 want: ^3.0.0
1900 silly placeDep ROOT util-deprecate@1.0.2 OK for: postcss-selector-parser@6.1.4 want: ^1.0.2
1901 silly placeDep ROOT pify@2.3.0 OK for: read-cache@1.0.0 want: ^2.3.0
1902 silly placeDep ROOT is-core-module@2.16.2 OK for: resolve@1.22.12 want: ^2.16.1
1903 silly placeDep ROOT path-parse@1.0.7 OK for: resolve@1.22.12 want: ^1.0.7
1904 silly placeDep ROOT supports-preserve-symlinks-flag@1.0.0 OK for: resolve@1.22.12 want: ^1.0.0
1905 silly placeDep ROOT queue-microtask@1.2.3 OK for: run-parallel@1.2.0 want: ^1.2.2
1906 silly placeDep ROOT commander@4.1.1 OK for: sucrase@3.35.1 want: ^4.0.0
1907 silly placeDep ROOT lines-and-columns@1.2.4 OK for: sucrase@3.35.1 want: ^1.1.6
1908 silly placeDep ROOT mz@2.7.0 OK for: sucrase@3.35.1 want: ^2.7.0
1909 silly placeDep ROOT pirates@4.0.7 OK for: sucrase@3.35.1 want: ^4.0.1
1910 silly placeDep ROOT tinyglobby@0.2.17 OK for: sucrase@3.35.1 want: ^0.2.11
1911 silly placeDep ROOT ts-interface-checker@0.1.13 OK for: sucrase@3.35.1 want: ^0.1.9
1912 silly fetch manifest any-promise@^1.0.0
1913 silly packumentCache full:https://registry.npmjs.org/any-promise cache-miss
1914 silly fetch manifest thenify-all@^1.0.0
1915 silly packumentCache full:https://registry.npmjs.org/thenify-all cache-miss
1916 silly fetch manifest fdir@^6.5.0
1917 silly packumentCache full:https://registry.npmjs.org/fdir cache-miss
1918 http cache https://registry.npmjs.org/fdir 14ms (cache hit)
1919 silly packumentCache full:https://registry.npmjs.org/fdir set size:136182 disposed:false
1920 silly fetch manifest picomatch@^4.0.4
1921 silly packumentCache full:https://registry.npmjs.org/picomatch cache-hit
1922 http fetch GET 200 https://registry.npmjs.org/any-promise 98ms (cache miss)
1923 silly packumentCache full:https://registry.npmjs.org/any-promise set size:undefined disposed:false
1924 http fetch GET 200 https://registry.npmjs.org/thenify-all 100ms (cache miss)
1925 silly packumentCache full:https://registry.npmjs.org/thenify-all set size:undefined disposed:false
1926 silly placeDep ROOT any-promise@1.3.0 OK for: mz@2.7.0 want: ^1.0.0
1927 silly placeDep ROOT thenify-all@1.6.0 OK for: mz@2.7.0 want: ^1.0.0
1928 silly fetch manifest thenify@>= 3.1.0 < 4
1929 silly packumentCache full:https://registry.npmjs.org/thenify cache-miss
1930 http fetch GET 200 https://registry.npmjs.org/thenify 136ms (cache miss)
1931 silly packumentCache full:https://registry.npmjs.org/thenify set size:undefined disposed:false
1932 silly placeDep ROOT thenify@3.3.1 OK for: thenify-all@1.6.0 want: >= 3.1.0 < 4
1933 silly placeDep node_modules/tinyglobby fdir@6.5.0 OK for: tinyglobby@0.2.17 want: ^6.5.0
1934 silly placeDep node_modules/tinyglobby picomatch@4.0.5 OK for: fdir@6.5.0 want: ^3 || ^4
1935 silly placeDep ROOT is-number@7.0.0 OK for: to-regex-range@5.0.1 want: ^7.0.0
1936 silly placeDep ROOT esbuild@0.28.1 OK for: tsx@4.23.4 want: ~0.28.0
1937 silly fetch manifest @esbuild/aix-ppc64@0.28.1
1938 silly packumentCache full:https://registry.npmjs.org/@esbuild%2faix-ppc64 cache-miss
1939 silly fetch manifest @esbuild/android-arm@0.28.1
1940 silly packumentCache full:https://registry.npmjs.org/@esbuild%2fandroid-arm cache-miss
1941 silly fetch manifest @esbuild/android-arm64@0.28.1
1942 silly packumentCache full:https://registry.npmjs.org/@esbuild%2fandroid-arm64 cache-miss
1943 http fetch GET 200 https://registry.npmjs.org/@esbuild%2faix-ppc64 69ms (cache miss)
1944 silly packumentCache full:https://registry.npmjs.org/@esbuild%2faix-ppc64 set size:undefined disposed:false
1945 silly fetch manifest @esbuild/android-x64@0.28.1
1946 silly packumentCache full:https://registry.npmjs.org/@esbuild%2fandroid-x64 cache-miss
1947 http fetch GET 200 https://registry.npmjs.org/@esbuild%2fandroid-arm 86ms (cache miss)
1948 silly packumentCache full:https://registry.npmjs.org/@esbuild%2fandroid-arm set size:undefined disposed:false
1949 silly fetch manifest @esbuild/darwin-arm64@0.28.1
1950 silly packumentCache full:https://registry.npmjs.org/@esbuild%2fdarwin-arm64 cache-miss
1951 http fetch GET 200 https://registry.npmjs.org/@esbuild%2fandroid-x64 132ms (cache miss)
1952 silly packumentCache full:https://registry.npmjs.org/@esbuild%2fandroid-x64 set size:undefined disposed:false
1953 silly fetch manifest @esbuild/darwin-x64@0.28.1
1954 silly packumentCache full:https://registry.npmjs.org/@esbuild%2fdarwin-x64 cache-miss
1955 http fetch GET 200 https://registry.npmjs.org/@esbuild%2fdarwin-arm64 147ms (cache miss)
1956 silly packumentCache full:https://registry.npmjs.org/@esbuild%2fdarwin-arm64 set size:undefined disposed:false
1957 silly fetch manifest @esbuild/freebsd-arm64@0.28.1
1958 silly packumentCache full:https://registry.npmjs.org/@esbuild%2ffreebsd-arm64 cache-miss
1959 http fetch GET 200 https://registry.npmjs.org/@esbuild%2fdarwin-x64 388ms (cache miss)
1960 silly packumentCache full:https://registry.npmjs.org/@esbuild%2fdarwin-x64 set size:undefined disposed:false
1961 silly fetch manifest @esbuild/freebsd-x64@0.28.1
1962 silly packumentCache full:https://registry.npmjs.org/@esbuild%2ffreebsd-x64 cache-miss
1963 http fetch GET 200 https://registry.npmjs.org/@esbuild%2ffreebsd-arm64 361ms (cache miss)
1964 silly packumentCache full:https://registry.npmjs.org/@esbuild%2ffreebsd-arm64 set size:undefined disposed:false
1965 silly fetch manifest @esbuild/linux-arm@0.28.1
1966 silly packumentCache full:https://registry.npmjs.org/@esbuild%2flinux-arm cache-miss
1967 http fetch GET 200 https://registry.npmjs.org/@esbuild%2fandroid-arm64 873ms (cache miss)
1968 silly packumentCache full:https://registry.npmjs.org/@esbuild%2fandroid-arm64 set size:undefined disposed:false
1969 silly fetch manifest @esbuild/linux-arm64@0.28.1
1970 silly packumentCache full:https://registry.npmjs.org/@esbuild%2flinux-arm64 cache-miss
1971 http fetch GET 200 https://registry.npmjs.org/@esbuild%2ffreebsd-x64 286ms (cache miss)
1972 silly packumentCache full:https://registry.npmjs.org/@esbuild%2ffreebsd-x64 set size:undefined disposed:false
1973 silly fetch manifest @esbuild/linux-ia32@0.28.1
1974 silly packumentCache full:https://registry.npmjs.org/@esbuild%2flinux-ia32 cache-miss
1975 http fetch GET 200 https://registry.npmjs.org/@esbuild%2flinux-arm 288ms (cache miss)
1976 silly packumentCache full:https://registry.npmjs.org/@esbuild%2flinux-arm set size:undefined disposed:false
1977 silly fetch manifest @esbuild/linux-loong64@0.28.1
1978 silly packumentCache full:https://registry.npmjs.org/@esbuild%2flinux-loong64 cache-miss
1979 http fetch GET 200 https://registry.npmjs.org/@esbuild%2flinux-loong64 320ms (cache miss)
1980 silly packumentCache full:https://registry.npmjs.org/@esbuild%2flinux-loong64 set size:undefined disposed:false
1981 silly fetch manifest @esbuild/linux-mips64el@0.28.1
1982 silly packumentCache full:https://registry.npmjs.org/@esbuild%2flinux-mips64el cache-miss
1983 http fetch GET 200 https://registry.npmjs.org/@esbuild%2flinux-arm64 416ms (cache miss)
1984 silly packumentCache full:https://registry.npmjs.org/@esbuild%2flinux-arm64 set size:undefined disposed:false
1985 silly fetch manifest @esbuild/linux-ppc64@0.28.1
1986 silly packumentCache full:https://registry.npmjs.org/@esbuild%2flinux-ppc64 cache-miss
1987 http fetch GET 200 https://registry.npmjs.org/@esbuild%2flinux-ppc64 150ms (cache miss)
1988 silly packumentCache full:https://registry.npmjs.org/@esbuild%2flinux-ppc64 set size:undefined disposed:false
1989 silly fetch manifest @esbuild/linux-riscv64@0.28.1
1990 silly packumentCache full:https://registry.npmjs.org/@esbuild%2flinux-riscv64 cache-miss
1991 http fetch GET 200 https://registry.npmjs.org/@esbuild%2flinux-mips64el 471ms (cache miss)
1992 silly packumentCache full:https://registry.npmjs.org/@esbuild%2flinux-mips64el set size:undefined disposed:false
1993 silly fetch manifest @esbuild/linux-s390x@0.28.1
1994 silly packumentCache full:https://registry.npmjs.org/@esbuild%2flinux-s390x cache-miss
1995 http fetch GET 200 https://registry.npmjs.org/@esbuild%2flinux-riscv64 252ms (cache miss)
1996 silly packumentCache full:https://registry.npmjs.org/@esbuild%2flinux-riscv64 set size:undefined disposed:false
1997 silly fetch manifest @esbuild/linux-x64@0.28.1
1998 silly packumentCache full:https://registry.npmjs.org/@esbuild%2flinux-x64 cache-miss
1999 http fetch GET 200 https://registry.npmjs.org/@esbuild%2flinux-ia32 867ms (cache miss)
2000 silly packumentCache full:https://registry.npmjs.org/@esbuild%2flinux-ia32 set size:undefined disposed:false
2001 silly fetch manifest @esbuild/netbsd-arm64@0.28.1
2002 silly packumentCache full:https://registry.npmjs.org/@esbuild%2fnetbsd-arm64 cache-miss
2003 http fetch GET 200 https://registry.npmjs.org/@esbuild%2flinux-x64 94ms (cache miss)
2004 silly packumentCache full:https://registry.npmjs.org/@esbuild%2flinux-x64 set size:undefined disposed:false
2005 silly fetch manifest @esbuild/netbsd-x64@0.28.1
2006 silly packumentCache full:https://registry.npmjs.org/@esbuild%2fnetbsd-x64 cache-miss
2007 http fetch GET 200 https://registry.npmjs.org/@esbuild%2fnetbsd-x64 111ms (cache miss)
2008 silly packumentCache full:https://registry.npmjs.org/@esbuild%2fnetbsd-x64 set size:undefined disposed:false
2009 silly fetch manifest @esbuild/openbsd-arm64@0.28.1
2010 silly packumentCache full:https://registry.npmjs.org/@esbuild%2fopenbsd-arm64 cache-miss
2011 http fetch GET 200 https://registry.npmjs.org/@esbuild%2fopenbsd-arm64 88ms (cache miss)
2012 silly packumentCache full:https://registry.npmjs.org/@esbuild%2fopenbsd-arm64 set size:undefined disposed:false
2013 silly fetch manifest @esbuild/openbsd-x64@0.28.1
2014 silly packumentCache full:https://registry.npmjs.org/@esbuild%2fopenbsd-x64 cache-miss
2015 http fetch GET 200 https://registry.npmjs.org/@esbuild%2flinux-s390x 360ms (cache miss)
2016 silly packumentCache full:https://registry.npmjs.org/@esbuild%2flinux-s390x set size:undefined disposed:false
2017 silly fetch manifest @esbuild/openharmony-arm64@0.28.1
2018 silly packumentCache full:https://registry.npmjs.org/@esbuild%2fopenharmony-arm64 cache-miss
2019 http fetch GET 200 https://registry.npmjs.org/@esbuild%2fnetbsd-arm64 439ms (cache miss)
2020 silly packumentCache full:https://registry.npmjs.org/@esbuild%2fnetbsd-arm64 set size:undefined disposed:false
2021 silly fetch manifest @esbuild/sunos-x64@0.28.1
2022 silly packumentCache full:https://registry.npmjs.org/@esbuild%2fsunos-x64 cache-miss
2023 http fetch GET 200 https://registry.npmjs.org/@esbuild%2fopenbsd-x64 408ms (cache miss)
2024 silly packumentCache full:https://registry.npmjs.org/@esbuild%2fopenbsd-x64 set size:undefined disposed:false
2025 silly fetch manifest @esbuild/win32-arm64@0.28.1
2026 silly packumentCache full:https://registry.npmjs.org/@esbuild%2fwin32-arm64 cache-miss
2027 http fetch GET 200 https://registry.npmjs.org/@esbuild%2fwin32-arm64 80ms (cache miss)
2028 silly packumentCache full:https://registry.npmjs.org/@esbuild%2fwin32-arm64 set size:undefined disposed:false
2029 silly fetch manifest @esbuild/win32-ia32@0.28.1
2030 silly packumentCache full:https://registry.npmjs.org/@esbuild%2fwin32-ia32 cache-miss
2031 http fetch GET 200 https://registry.npmjs.org/@esbuild%2fopenharmony-arm64 505ms (cache miss)
2032 silly packumentCache full:https://registry.npmjs.org/@esbuild%2fopenharmony-arm64 set size:undefined disposed:false
2033 silly fetch manifest @esbuild/win32-x64@0.28.1
2034 silly packumentCache full:https://registry.npmjs.org/@esbuild%2fwin32-x64 cache-miss
2035 http fetch GET 200 https://registry.npmjs.org/@esbuild%2fwin32-x64 98ms (cache miss)
2036 silly packumentCache full:https://registry.npmjs.org/@esbuild%2fwin32-x64 set size:undefined disposed:false
2037 http fetch GET 200 https://registry.npmjs.org/@esbuild%2fwin32-ia32 192ms (cache miss)
2038 silly packumentCache full:https://registry.npmjs.org/@esbuild%2fwin32-ia32 set size:undefined disposed:false
2039 http fetch GET 200 https://registry.npmjs.org/@esbuild%2fsunos-x64 1398ms (cache miss)
2040 silly packumentCache full:https://registry.npmjs.org/@esbuild%2fsunos-x64 set size:undefined disposed:false
2041 silly placeDep ROOT @esbuild/aix-ppc64@0.28.1 OK for: esbuild@0.28.1 want: 0.28.1
2042 silly placeDep ROOT @esbuild/android-arm@0.28.1 OK for: esbuild@0.28.1 want: 0.28.1
2043 silly placeDep ROOT @esbuild/android-arm64@0.28.1 OK for: esbuild@0.28.1 want: 0.28.1
2044 silly placeDep ROOT @esbuild/android-x64@0.28.1 OK for: esbuild@0.28.1 want: 0.28.1
2045 silly placeDep ROOT @esbuild/darwin-arm64@0.28.1 OK for: esbuild@0.28.1 want: 0.28.1
2046 silly placeDep ROOT @esbuild/darwin-x64@0.28.1 OK for: esbuild@0.28.1 want: 0.28.1
2047 silly placeDep ROOT @esbuild/freebsd-arm64@0.28.1 OK for: esbuild@0.28.1 want: 0.28.1
2048 silly placeDep ROOT @esbuild/freebsd-x64@0.28.1 OK for: esbuild@0.28.1 want: 0.28.1
2049 silly placeDep ROOT @esbuild/linux-arm@0.28.1 OK for: esbuild@0.28.1 want: 0.28.1
2050 silly placeDep ROOT @esbuild/linux-arm64@0.28.1 OK for: esbuild@0.28.1 want: 0.28.1
2051 silly placeDep ROOT @esbuild/linux-ia32@0.28.1 OK for: esbuild@0.28.1 want: 0.28.1
2052 silly placeDep ROOT @esbuild/linux-loong64@0.28.1 OK for: esbuild@0.28.1 want: 0.28.1
2053 silly placeDep ROOT @esbuild/linux-mips64el@0.28.1 OK for: esbuild@0.28.1 want: 0.28.1
2054 silly placeDep ROOT @esbuild/linux-ppc64@0.28.1 OK for: esbuild@0.28.1 want: 0.28.1
2055 silly placeDep ROOT @esbuild/linux-riscv64@0.28.1 OK for: esbuild@0.28.1 want: 0.28.1
2056 silly placeDep ROOT @esbuild/linux-s390x@0.28.1 OK for: esbuild@0.28.1 want: 0.28.1
2057 silly placeDep ROOT @esbuild/linux-x64@0.28.1 OK for: esbuild@0.28.1 want: 0.28.1
2058 silly placeDep ROOT @esbuild/netbsd-arm64@0.28.1 OK for: esbuild@0.28.1 want: 0.28.1
2059 silly placeDep ROOT @esbuild/netbsd-x64@0.28.1 OK for: esbuild@0.28.1 want: 0.28.1
2060 silly placeDep ROOT @esbuild/openbsd-arm64@0.28.1 OK for: esbuild@0.28.1 want: 0.28.1
2061 silly placeDep ROOT @esbuild/openbsd-x64@0.28.1 OK for: esbuild@0.28.1 want: 0.28.1
2062 silly placeDep ROOT @esbuild/openharmony-arm64@0.28.1 OK for: esbuild@0.28.1 want: 0.28.1
2063 silly placeDep ROOT @esbuild/sunos-x64@0.28.1 OK for: esbuild@0.28.1 want: 0.28.1
2064 silly placeDep ROOT @esbuild/win32-arm64@0.28.1 OK for: esbuild@0.28.1 want: 0.28.1
2065 silly placeDep ROOT @esbuild/win32-ia32@0.28.1 OK for: esbuild@0.28.1 want: 0.28.1
2066 silly placeDep ROOT @esbuild/win32-x64@0.28.1 OK for: esbuild@0.28.1 want: 0.28.1
2067 silly placeDep ROOT media-typer@0.3.0 OK for: type-is@1.6.18 want: 0.3.0
2068 silly fetch manifest eslint@^8.57.0 || ^9.0.0 || ^10.0.0
2069 silly packumentCache full:https://registry.npmjs.org/eslint cache-miss
2070 http cache https://registry.npmjs.org/eslint 40ms (cache hit)
2071 silly packumentCache full:https://registry.npmjs.org/eslint set size:2040662 disposed:false
2072 silly fetch manifest typescript@>=4.8.4 <6.1.0
2073 silly packumentCache full:https://registry.npmjs.org/typescript cache-miss
2074 http cache https://registry.npmjs.org/typescript 137ms (cache hit)
2075 silly packumentCache full:https://registry.npmjs.org/typescript set size:15505578 disposed:false
2076 silly placeDep ROOT @typescript-eslint/eslint-plugin@8.65.0 OK for: typescript-eslint@8.65.0 want: 8.65.0
2077 silly placeDep ROOT @typescript-eslint/parser@8.65.0 OK for: @typescript-eslint/eslint-plugin@8.65.0 want: ^8.65.0
2078 silly placeDep ROOT @typescript-eslint/typescript-estree@8.65.0 OK for: typescript-eslint@8.65.0 want: 8.65.0
2079 silly placeDep ROOT @typescript-eslint/utils@8.65.0 OK for: typescript-eslint@8.65.0 want: 8.65.0
2080 silly fetch manifest ignore@^7.0.5
2081 silly packumentCache full:https://registry.npmjs.org/ignore cache-miss
2082 silly fetch manifest ts-api-utils@^2.5.0
2083 silly packumentCache full:https://registry.npmjs.org/ts-api-utils cache-miss
2084 silly fetch manifest @typescript-eslint/type-utils@8.65.0
2085 silly packumentCache full:https://registry.npmjs.org/@typescript-eslint%2ftype-utils cache-miss
2086 http cache https://registry.npmjs.org/ignore 37ms (cache hit)
2087 silly packumentCache full:https://registry.npmjs.org/ignore set size:240910 disposed:false
2088 silly fetch manifest @typescript-eslint/visitor-keys@8.65.0
2089 silly packumentCache full:https://registry.npmjs.org/@typescript-eslint%2fvisitor-keys cache-miss
2090 http fetch GET 200 https://registry.npmjs.org/ts-api-utils 222ms (cache miss)
2091 silly packumentCache full:https://registry.npmjs.org/ts-api-utils set size:undefined disposed:false
2092 silly fetch manifest @typescript-eslint/scope-manager@8.65.0
2093 silly packumentCache full:https://registry.npmjs.org/@typescript-eslint%2fscope-manager cache-miss
2094 http fetch GET 200 https://registry.npmjs.org/@typescript-eslint%2ftype-utils 1231ms (cache miss)
2095 silly packumentCache full:https://registry.npmjs.org/@typescript-eslint%2ftype-utils set size:undefined disposed:false
2096 silly fetch manifest @typescript-eslint/types@8.65.0
2097 silly packumentCache full:https://registry.npmjs.org/@typescript-eslint%2ftypes cache-miss
2098 http fetch GET 200 https://registry.npmjs.org/@typescript-eslint%2fscope-manager 2879ms (cache miss)
2099 silly packumentCache full:https://registry.npmjs.org/@typescript-eslint%2fscope-manager set size:undefined disposed:false
2100 silly fetch manifest @typescript-eslint/visitor-keys@8.65.0
2101 silly packumentCache full:https://registry.npmjs.org/@typescript-eslint%2fvisitor-keys cache-miss
2102 http fetch GET 200 https://registry.npmjs.org/@typescript-eslint%2ftypes 2945ms (cache miss)
2103 silly packumentCache full:https://registry.npmjs.org/@typescript-eslint%2ftypes set size:undefined disposed:false
2104 silly fetch manifest semver@^7.7.3
2105 silly packumentCache full:https://registry.npmjs.org/semver cache-miss
2106 http cache https://registry.npmjs.org/semver 25ms (cache hit)
2107 silly packumentCache full:https://registry.npmjs.org/semver set size:246069 disposed:false
2108 silly fetch manifest minimatch@^10.2.2
2109 silly packumentCache full:https://registry.npmjs.org/minimatch cache-miss
2110 http cache https://registry.npmjs.org/minimatch 22ms (cache hit)
2111 silly packumentCache full:https://registry.npmjs.org/minimatch set size:377924 disposed:false
2112 silly fetch manifest @typescript-eslint/visitor-keys@8.65.0
2113 silly packumentCache full:https://registry.npmjs.org/@typescript-eslint%2fvisitor-keys cache-miss
2114 http fetch GET 200 https://registry.npmjs.org/@typescript-eslint%2fvisitor-keys 1127ms (cache miss)
2115 silly packumentCache full:https://registry.npmjs.org/@typescript-eslint%2fvisitor-keys set size:undefined disposed:false
2116 silly fetch manifest @typescript-eslint/tsconfig-utils@8.65.0
2117 silly packumentCache full:https://registry.npmjs.org/@typescript-eslint%2ftsconfig-utils cache-miss
2118 http fetch GET 200 https://registry.npmjs.org/@typescript-eslint%2ftsconfig-utils 151ms (cache miss)
2119 silly packumentCache full:https://registry.npmjs.org/@typescript-eslint%2ftsconfig-utils set size:undefined disposed:false
2120 silly fetch manifest @typescript-eslint/project-service@8.65.0
2121 silly packumentCache full:https://registry.npmjs.org/@typescript-eslint%2fproject-service cache-miss
2122 http fetch GET 200 https://registry.npmjs.org/@typescript-eslint%2fproject-service 236ms (cache miss)
2123 silly packumentCache full:https://registry.npmjs.org/@typescript-eslint%2fproject-service set size:undefined disposed:false
2124 http fetch GET 200 https://registry.npmjs.org/@typescript-eslint%2fvisitor-keys 1587ms (cache miss)
2125 silly packumentCache full:https://registry.npmjs.org/@typescript-eslint%2fvisitor-keys set size:undefined disposed:false
2126 http fetch GET 200 https://registry.npmjs.org/@typescript-eslint%2fvisitor-keys 18339ms (cache miss)
2127 silly packumentCache full:https://registry.npmjs.org/@typescript-eslint%2fvisitor-keys set size:undefined disposed:false
2128 silly placeDep ROOT @typescript-eslint/scope-manager@8.65.0 OK for: @typescript-eslint/eslint-plugin@8.65.0 want: 8.65.0
2129 silly placeDep ROOT @typescript-eslint/type-utils@8.65.0 OK for: @typescript-eslint/eslint-plugin@8.65.0 want: 8.65.0
2130 silly placeDep ROOT @typescript-eslint/visitor-keys@8.65.0 OK for: @typescript-eslint/eslint-plugin@8.65.0 want: 8.65.0
2131 silly placeDep node_modules/@typescript-eslint/eslint-plugin ignore@7.0.6 OK for: @typescript-eslint/eslint-plugin@8.65.0 want: ^7.0.5
2132 silly placeDep ROOT ts-api-utils@2.5.0 OK for: @typescript-eslint/eslint-plugin@8.65.0 want: ^2.5.0
2133 silly fetch manifest eslint-visitor-keys@^5.0.0
2134 silly packumentCache full:https://registry.npmjs.org/eslint-visitor-keys cache-hit
2135 silly placeDep ROOT @typescript-eslint/types@8.65.0 OK for: @typescript-eslint/parser@8.65.0 want: 8.65.0
2136 silly placeDep ROOT @typescript-eslint/project-service@8.65.0 OK for: @typescript-eslint/typescript-estree@8.65.0 want: 8.65.0
2137 silly placeDep ROOT @typescript-eslint/tsconfig-utils@8.65.0 OK for: @typescript-eslint/typescript-estree@8.65.0 want: 8.65.0
2138 silly placeDep node_modules/@typescript-eslint/typescript-estree minimatch@10.2.6 OK for: @typescript-eslint/typescript-estree@8.65.0 want: ^10.2.2
2139 silly placeDep node_modules/@typescript-eslint/typescript-estree semver@7.8.5 OK for: @typescript-eslint/typescript-estree@8.65.0 want: ^7.7.3
2140 silly fetch manifest @typescript-eslint/tsconfig-utils@^8.65.0
2141 silly packumentCache full:https://registry.npmjs.org/@typescript-eslint%2ftsconfig-utils cache-miss
2142 silly fetch manifest brace-expansion@^5.0.8
2143 silly packumentCache full:https://registry.npmjs.org/brace-expansion cache-miss
2144 http cache https://registry.npmjs.org/@typescript-eslint%2ftsconfig-utils 16ms (cache hit)
2145 silly packumentCache full:https://registry.npmjs.org/@typescript-eslint%2ftsconfig-utils set size:1630572 disposed:false
2146 http cache https://registry.npmjs.org/brace-expansion 27ms (cache hit)
2147 silly packumentCache full:https://registry.npmjs.org/brace-expansion set size:101024 disposed:false
2148 silly placeDep node_modules/@typescript-eslint/visitor-keys eslint-visitor-keys@5.0.1 OK for: @typescript-eslint/visitor-keys@8.65.0 want: ^5.0.0
2149 silly placeDep ROOT punycode@2.3.1 OK for: uri-js@4.4.1 want: ^2.1.0
2150 silly placeDep node_modules/vite esbuild@0.25.12 OK for: vite@6.4.3 want: ^0.25.0
2151 silly placeDep node_modules/vite fdir@6.5.0 OK for: vite@6.4.3 want: ^6.4.4
2152 silly placeDep node_modules/vite picomatch@4.0.5 OK for: fdir@6.5.0 want: ^3 || ^4
2153 silly placeDep ROOT rollup@4.62.4 OK for: vite@6.4.3 want: ^4.34.9
2154 silly fetch manifest @esbuild/aix-ppc64@0.25.12
2155 silly packumentCache full:https://registry.npmjs.org/@esbuild%2faix-ppc64 cache-miss
2156 silly fetch manifest @esbuild/linux-arm@0.25.12
2157 silly packumentCache full:https://registry.npmjs.org/@esbuild%2flinux-arm cache-miss
2158 silly fetch manifest @esbuild/linux-x64@0.25.12
2159 silly packumentCache full:https://registry.npmjs.org/@esbuild%2flinux-x64 cache-miss
2160 http cache https://registry.npmjs.org/@esbuild%2faix-ppc64 51ms (cache hit)
2161 silly packumentCache full:https://registry.npmjs.org/@esbuild%2faix-ppc64 set size:65972 disposed:false
2162 silly fetch manifest @esbuild/sunos-x64@0.25.12
2163 silly packumentCache full:https://registry.npmjs.org/@esbuild%2fsunos-x64 cache-miss
2164 http cache https://registry.npmjs.org/@esbuild%2flinux-x64 56ms (cache hit)
2165 silly packumentCache full:https://registry.npmjs.org/@esbuild%2flinux-x64 set size:197126 disposed:false
2166 silly fetch manifest @esbuild/win32-x64@0.25.12
2167 silly packumentCache full:https://registry.npmjs.org/@esbuild%2fwin32-x64 cache-miss
2168 http cache https://registry.npmjs.org/@esbuild%2flinux-arm 60ms (cache hit)
2169 silly packumentCache full:https://registry.npmjs.org/@esbuild%2flinux-arm set size:196784 disposed:false
2170 silly fetch manifest @esbuild/darwin-x64@0.25.12
2171 silly packumentCache full:https://registry.npmjs.org/@esbuild%2fdarwin-x64 cache-miss
2172 http cache https://registry.npmjs.org/@esbuild%2fsunos-x64 21ms (cache hit)
2173 silly packumentCache full:https://registry.npmjs.org/@esbuild%2fsunos-x64 set size:197370 disposed:false
2174 silly fetch manifest @esbuild/linux-ia32@0.25.12
2175 silly packumentCache full:https://registry.npmjs.org/@esbuild%2flinux-ia32 cache-miss
2176 http cache https://registry.npmjs.org/@esbuild%2fdarwin-x64 17ms (cache hit)
2177 silly packumentCache full:https://registry.npmjs.org/@esbuild%2fdarwin-x64 set size:197848 disposed:false
2178 silly fetch manifest @esbuild/netbsd-x64@0.25.12
2179 silly packumentCache full:https://registry.npmjs.org/@esbuild%2fnetbsd-x64 cache-miss
2180 http cache https://registry.npmjs.org/@esbuild%2fwin32-x64 24ms (cache hit)
2181 silly packumentCache full:https://registry.npmjs.org/@esbuild%2fwin32-x64 set size:195722 disposed:false
2182 silly fetch manifest @esbuild/win32-ia32@0.25.12
2183 silly packumentCache full:https://registry.npmjs.org/@esbuild%2fwin32-ia32 cache-miss
2184 http cache https://registry.npmjs.org/@esbuild%2fwin32-ia32 11ms (cache hit)
2185 silly packumentCache full:https://registry.npmjs.org/@esbuild%2fwin32-ia32 set size:198030 disposed:false
2186 silly fetch manifest @esbuild/android-arm@0.25.12
2187 silly packumentCache full:https://registry.npmjs.org/@esbuild%2fandroid-arm cache-miss
2188 http cache https://registry.npmjs.org/@esbuild%2flinux-ia32 20ms (cache hit)
2189 silly packumentCache full:https://registry.npmjs.org/@esbuild%2flinux-ia32 set size:197805 disposed:false
2190 silly fetch manifest @esbuild/android-x64@0.25.12
2191 silly packumentCache full:https://registry.npmjs.org/@esbuild%2fandroid-x64 cache-miss
2192 http cache https://registry.npmjs.org/@esbuild%2fnetbsd-x64 20ms (cache hit)
2193 silly packumentCache full:https://registry.npmjs.org/@esbuild%2fnetbsd-x64 set size:195514 disposed:false
2194 silly fetch manifest @esbuild/freebsd-x64@0.25.12
2195 silly packumentCache full:https://registry.npmjs.org/@esbuild%2ffreebsd-x64 cache-miss
2196 http cache https://registry.npmjs.org/@esbuild%2fandroid-arm 49ms (cache hit)
2197 silly packumentCache full:https://registry.npmjs.org/@esbuild%2fandroid-arm set size:223400 disposed:false
2198 silly fetch manifest @esbuild/linux-arm64@0.25.12
2199 silly packumentCache full:https://registry.npmjs.org/@esbuild%2flinux-arm64 cache-miss
2200 http cache https://registry.npmjs.org/@esbuild%2ffreebsd-x64 49ms (cache hit)
2201 silly packumentCache full:https://registry.npmjs.org/@esbuild%2ffreebsd-x64 set size:198734 disposed:false
2202 silly fetch manifest @esbuild/linux-ppc64@0.25.12
2203 silly packumentCache full:https://registry.npmjs.org/@esbuild%2flinux-ppc64 cache-miss
2204 http cache https://registry.npmjs.org/@esbuild%2fandroid-x64 58ms (cache hit)
2205 silly packumentCache full:https://registry.npmjs.org/@esbuild%2fandroid-x64 set size:197200 disposed:false
2206 silly fetch manifest @esbuild/linux-s390x@0.25.12
2207 silly packumentCache full:https://registry.npmjs.org/@esbuild%2flinux-s390x cache-miss
2208 http cache https://registry.npmjs.org/@esbuild%2flinux-arm64 18ms (cache hit)
2209 silly packumentCache full:https://registry.npmjs.org/@esbuild%2flinux-arm64 set size:198939 disposed:false
2210 silly fetch manifest @esbuild/openbsd-x64@0.25.12
2211 silly packumentCache full:https://registry.npmjs.org/@esbuild%2fopenbsd-x64 cache-miss
2212 http cache https://registry.npmjs.org/@esbuild%2flinux-ppc64 36ms (cache hit)
2213 silly packumentCache full:https://registry.npmjs.org/@esbuild%2flinux-ppc64 set size:200994 disposed:false
2214 silly fetch manifest @esbuild/win32-arm64@0.25.12
2215 silly packumentCache full:https://registry.npmjs.org/@esbuild%2fwin32-arm64 cache-miss
2216 http cache https://registry.npmjs.org/@esbuild%2flinux-s390x 46ms (cache hit)
2217 silly packumentCache full:https://registry.npmjs.org/@esbuild%2flinux-s390x set size:200463 disposed:false
2218 silly fetch manifest @esbuild/darwin-arm64@0.25.12
2219 silly packumentCache full:https://registry.npmjs.org/@esbuild%2fdarwin-arm64 cache-miss
2220 http cache https://registry.npmjs.org/@esbuild%2fopenbsd-x64 53ms (cache hit)
2221 silly packumentCache full:https://registry.npmjs.org/@esbuild%2fopenbsd-x64 set size:198745 disposed:false
2222 silly fetch manifest @esbuild/netbsd-arm64@0.25.12
2223 silly packumentCache full:https://registry.npmjs.org/@esbuild%2fnetbsd-arm64 cache-miss
2224 http cache https://registry.npmjs.org/@esbuild%2fwin32-arm64 39ms (cache hit)
2225 silly packumentCache full:https://registry.npmjs.org/@esbuild%2fwin32-arm64 set size:199171 disposed:false
2226 silly fetch manifest @esbuild/android-arm64@0.25.12
2227 silly packumentCache full:https://registry.npmjs.org/@esbuild%2fandroid-arm64 cache-miss
2228 http cache https://registry.npmjs.org/@esbuild%2fdarwin-arm64 32ms (cache hit)
2229 silly packumentCache full:https://registry.npmjs.org/@esbuild%2fdarwin-arm64 set size:199630 disposed:false
2230 silly fetch manifest @esbuild/freebsd-arm64@0.25.12
2231 silly packumentCache full:https://registry.npmjs.org/@esbuild%2ffreebsd-arm64 cache-miss
2232 http cache https://registry.npmjs.org/@esbuild%2fnetbsd-arm64 28ms (cache hit)
2233 silly packumentCache full:https://registry.npmjs.org/@esbuild%2fnetbsd-arm64 set size:42467 disposed:false
2234 silly fetch manifest @esbuild/linux-loong64@0.25.12
2235 silly packumentCache full:https://registry.npmjs.org/@esbuild%2flinux-loong64 cache-miss
2236 http cache https://registry.npmjs.org/@esbuild%2fandroid-arm64 56ms (cache hit)
2237 silly packumentCache full:https://registry.npmjs.org/@esbuild%2fandroid-arm64 set size:202366 disposed:false
2238 silly fetch manifest @esbuild/linux-riscv64@0.25.12
2239 silly packumentCache full:https://registry.npmjs.org/@esbuild%2flinux-riscv64 cache-miss
2240 http cache https://registry.npmjs.org/@esbuild%2ffreebsd-arm64 58ms (cache hit)
2241 silly packumentCache full:https://registry.npmjs.org/@esbuild%2ffreebsd-arm64 set size:200534 disposed:false
2242 silly fetch manifest @esbuild/openbsd-arm64@0.25.12
2243 silly packumentCache full:https://registry.npmjs.org/@esbuild%2fopenbsd-arm64 cache-miss
2244 http cache https://registry.npmjs.org/@esbuild%2flinux-loong64 72ms (cache hit)
2245 silly packumentCache full:https://registry.npmjs.org/@esbuild%2flinux-loong64 set size:253896 disposed:false
2246 silly fetch manifest @esbuild/linux-mips64el@0.25.12
2247 silly packumentCache full:https://registry.npmjs.org/@esbuild%2flinux-mips64el cache-miss
2248 http cache https://registry.npmjs.org/@esbuild%2flinux-riscv64 89ms (cache hit)
2249 silly packumentCache full:https://registry.npmjs.org/@esbuild%2flinux-riscv64 set size:200662 disposed:false
2250 silly fetch manifest @esbuild/openharmony-arm64@0.25.12
2251 silly packumentCache full:https://registry.npmjs.org/@esbuild%2fopenharmony-arm64 cache-miss
2252 http cache https://registry.npmjs.org/@esbuild%2fopenbsd-arm64 86ms (cache hit)
2253 silly packumentCache full:https://registry.npmjs.org/@esbuild%2fopenbsd-arm64 set size:47792 disposed:false
2254 silly fetch manifest @rollup/rollup-darwin-x64@4.62.4
2255 silly packumentCache full:https://registry.npmjs.org/@rollup%2frollup-darwin-x64 cache-miss
2256 http cache https://registry.npmjs.org/@esbuild%2flinux-mips64el 72ms (cache hit)
2257 silly packumentCache full:https://registry.npmjs.org/@esbuild%2flinux-mips64el set size:202764 disposed:false
2258 silly fetch manifest @rollup/rollup-freebsd-x64@4.62.4
2259 silly packumentCache full:https://registry.npmjs.org/@rollup%2frollup-freebsd-x64 cache-miss
2260 http cache https://registry.npmjs.org/@esbuild%2fopenharmony-arm64 29ms (cache hit)
2261 silly packumentCache full:https://registry.npmjs.org/@esbuild%2fopenharmony-arm64 set size:31189 disposed:false
2262 silly fetch manifest @rollup/rollup-openbsd-x64@4.62.4
2263 silly packumentCache full:https://registry.npmjs.org/@rollup%2frollup-openbsd-x64 cache-miss
2264 http fetch GET 200 https://registry.npmjs.org/@rollup%2frollup-freebsd-x64 859ms (cache miss)
2265 silly packumentCache full:https://registry.npmjs.org/@rollup%2frollup-freebsd-x64 set size:undefined disposed:false
2266 silly fetch manifest @napi-rs/lzma-linux-x64-gnu@1.5.1
2267 silly packumentCache full:https://registry.npmjs.org/@napi-rs%2flzma-linux-x64-gnu cache-miss
2268 http fetch GET 200 https://registry.npmjs.org/@rollup%2frollup-openbsd-x64 1453ms (cache miss)
2269 silly packumentCache full:https://registry.npmjs.org/@rollup%2frollup-openbsd-x64 set size:undefined disposed:false
2270 silly fetch manifest @rollup/rollup-darwin-arm64@4.62.4
2271 silly packumentCache full:https://registry.npmjs.org/@rollup%2frollup-darwin-arm64 cache-miss
2272 http fetch GET 200 https://registry.npmjs.org/@napi-rs%2flzma-linux-x64-gnu 605ms (cache miss)
2273 silly packumentCache full:https://registry.npmjs.org/@napi-rs%2flzma-linux-x64-gnu set size:undefined disposed:false
2274 silly fetch manifest @rollup/rollup-android-arm64@4.62.4
2275 silly packumentCache full:https://registry.npmjs.org/@rollup%2frollup-android-arm64 cache-miss
2276 http fetch GET 200 https://registry.npmjs.org/@rollup%2frollup-darwin-x64 1541ms (cache miss)
2277 silly packumentCache full:https://registry.npmjs.org/@rollup%2frollup-darwin-x64 set size:undefined disposed:false
2278 silly fetch manifest @rollup/rollup-freebsd-arm64@4.62.4
2279 silly packumentCache full:https://registry.npmjs.org/@rollup%2frollup-freebsd-arm64 cache-miss
2280 http fetch GET 200 https://registry.npmjs.org/@rollup%2frollup-darwin-arm64 555ms (cache miss)
2281 silly packumentCache full:https://registry.npmjs.org/@rollup%2frollup-darwin-arm64 set size:undefined disposed:false
2282 silly fetch manifest @rollup/rollup-linux-x64-gnu@4.62.4
2283 silly packumentCache full:https://registry.npmjs.org/@rollup%2frollup-linux-x64-gnu cache-miss
2284 http fetch GET 200 https://registry.npmjs.org/@rollup%2frollup-freebsd-arm64 502ms (cache miss)
2285 silly packumentCache full:https://registry.npmjs.org/@rollup%2frollup-freebsd-arm64 set size:undefined disposed:false
2286 silly fetch manifest @rollup/rollup-win32-x64-gnu@4.62.4
2287 silly packumentCache full:https://registry.npmjs.org/@rollup%2frollup-win32-x64-gnu cache-miss
2288 http fetch GET 200 https://registry.npmjs.org/@rollup%2frollup-android-arm64 593ms (cache miss)
2289 silly packumentCache full:https://registry.npmjs.org/@rollup%2frollup-android-arm64 set size:undefined disposed:false
2290 silly fetch manifest @rollup/rollup-linux-x64-musl@4.62.4
2291 silly packumentCache full:https://registry.npmjs.org/@rollup%2frollup-linux-x64-musl cache-miss
2292 http fetch GET 200 https://registry.npmjs.org/@rollup%2frollup-linux-x64-musl 405ms (cache miss)
2293 silly packumentCache full:https://registry.npmjs.org/@rollup%2frollup-linux-x64-musl set size:undefined disposed:false
2294 silly fetch manifest @rollup/rollup-win32-x64-msvc@4.62.4
2295 silly packumentCache full:https://registry.npmjs.org/@rollup%2frollup-win32-x64-msvc cache-miss
2296 http fetch GET 200 https://registry.npmjs.org/@rollup%2frollup-linux-x64-gnu 458ms (cache miss)
2297 silly packumentCache full:https://registry.npmjs.org/@rollup%2frollup-linux-x64-gnu set size:undefined disposed:false
2298 silly fetch manifest @rollup/rollup-linux-arm64-gnu@4.62.4
2299 silly packumentCache full:https://registry.npmjs.org/@rollup%2frollup-linux-arm64-gnu cache-miss
2300 http fetch GET 200 https://registry.npmjs.org/@rollup%2frollup-win32-x64-msvc 132ms (cache miss)
2301 silly packumentCache full:https://registry.npmjs.org/@rollup%2frollup-win32-x64-msvc set size:undefined disposed:false
2302 silly fetch manifest @rollup/rollup-linux-ppc64-gnu@4.62.4
2303 silly packumentCache full:https://registry.npmjs.org/@rollup%2frollup-linux-ppc64-gnu cache-miss
2304 http fetch GET 200 https://registry.npmjs.org/@rollup%2frollup-linux-arm64-gnu 125ms (cache miss)
2305 silly packumentCache full:https://registry.npmjs.org/@rollup%2frollup-linux-arm64-gnu set size:undefined disposed:false
2306 silly fetch manifest @rollup/rollup-linux-s390x-gnu@4.62.4
2307 silly packumentCache full:https://registry.npmjs.org/@rollup%2frollup-linux-s390x-gnu cache-miss
2308 http fetch GET 200 https://registry.npmjs.org/@rollup%2frollup-win32-x64-gnu 671ms (cache miss)
2309 silly packumentCache full:https://registry.npmjs.org/@rollup%2frollup-win32-x64-gnu set size:undefined disposed:false
2310 silly fetch manifest @rollup/rollup-win32-ia32-msvc@4.62.4
2311 silly packumentCache full:https://registry.npmjs.org/@rollup%2frollup-win32-ia32-msvc cache-miss
2312 http fetch GET 200 https://registry.npmjs.org/@rollup%2frollup-linux-ppc64-gnu 283ms (cache miss)
2313 silly packumentCache full:https://registry.npmjs.org/@rollup%2frollup-linux-ppc64-gnu set size:undefined disposed:false
2314 silly fetch manifest @rollup/rollup-android-arm-eabi@4.62.4
2315 silly packumentCache full:https://registry.npmjs.org/@rollup%2frollup-android-arm-eabi cache-miss
2316 http fetch GET 200 https://registry.npmjs.org/@rollup%2frollup-linux-s390x-gnu 290ms (cache miss)
2317 silly packumentCache full:https://registry.npmjs.org/@rollup%2frollup-linux-s390x-gnu set size:undefined disposed:false
2318 silly fetch manifest @rollup/rollup-linux-arm64-musl@4.62.4
2319 silly packumentCache full:https://registry.npmjs.org/@rollup%2frollup-linux-arm64-musl cache-miss
2320 http fetch GET 200 https://registry.npmjs.org/@rollup%2frollup-android-arm-eabi 84ms (cache miss)
2321 silly packumentCache full:https://registry.npmjs.org/@rollup%2frollup-android-arm-eabi set size:undefined disposed:false
2322 silly fetch manifest @rollup/rollup-linux-ppc64-musl@4.62.4
2323 silly packumentCache full:https://registry.npmjs.org/@rollup%2frollup-linux-ppc64-musl cache-miss
2324 http fetch GET 200 https://registry.npmjs.org/@rollup%2frollup-linux-ppc64-musl 90ms (cache miss)
2325 silly packumentCache full:https://registry.npmjs.org/@rollup%2frollup-linux-ppc64-musl set size:undefined disposed:false
2326 silly fetch manifest @rollup/rollup-win32-arm64-msvc@4.62.4
2327 silly packumentCache full:https://registry.npmjs.org/@rollup%2frollup-win32-arm64-msvc cache-miss
2328 http fetch GET 200 https://registry.npmjs.org/@rollup%2frollup-win32-arm64-msvc 100ms (cache miss)
2329 silly packumentCache full:https://registry.npmjs.org/@rollup%2frollup-win32-arm64-msvc set size:undefined disposed:false
2330 silly fetch manifest @rollup/rollup-linux-loong64-gnu@4.62.4
2331 silly packumentCache full:https://registry.npmjs.org/@rollup%2frollup-linux-loong64-gnu cache-miss
2332 http fetch GET 200 https://registry.npmjs.org/@rollup%2frollup-linux-loong64-gnu 84ms (cache miss)
2333 silly packumentCache full:https://registry.npmjs.org/@rollup%2frollup-linux-loong64-gnu set size:undefined disposed:false
2334 silly fetch manifest @rollup/rollup-linux-riscv64-gnu@4.62.4
2335 silly packumentCache full:https://registry.npmjs.org/@rollup%2frollup-linux-riscv64-gnu cache-miss
2336 http fetch GET 200 https://registry.npmjs.org/@rollup%2frollup-linux-riscv64-gnu 124ms (cache miss)
2337 silly packumentCache full:https://registry.npmjs.org/@rollup%2frollup-linux-riscv64-gnu set size:undefined disposed:false
2338 silly fetch manifest @rollup/rollup-openharmony-arm64@4.62.4
2339 silly packumentCache full:https://registry.npmjs.org/@rollup%2frollup-openharmony-arm64 cache-miss
2340 http fetch GET 200 https://registry.npmjs.org/@rollup%2frollup-win32-ia32-msvc 726ms (cache miss)
2341 silly packumentCache full:https://registry.npmjs.org/@rollup%2frollup-win32-ia32-msvc set size:undefined disposed:false
2342 silly fetch manifest @rollup/rollup-linux-loong64-musl@4.62.4
2343 silly packumentCache full:https://registry.npmjs.org/@rollup%2frollup-linux-loong64-musl cache-miss
2344 http fetch GET 200 https://registry.npmjs.org/@rollup%2frollup-linux-arm64-musl 543ms (cache miss)
2345 silly packumentCache full:https://registry.npmjs.org/@rollup%2frollup-linux-arm64-musl set size:undefined disposed:false
2346 silly fetch manifest @rollup/rollup-linux-riscv64-musl@4.62.4
2347 silly packumentCache full:https://registry.npmjs.org/@rollup%2frollup-linux-riscv64-musl cache-miss
2348 http fetch GET 200 https://registry.npmjs.org/@rollup%2frollup-openharmony-arm64 136ms (cache miss)
2349 silly packumentCache full:https://registry.npmjs.org/@rollup%2frollup-openharmony-arm64 set size:undefined disposed:false
2350 silly fetch manifest @rollup/rollup-linux-arm-gnueabihf@4.62.4
2351 silly packumentCache full:https://registry.npmjs.org/@rollup%2frollup-linux-arm-gnueabihf cache-miss
2352 http fetch GET 200 https://registry.npmjs.org/@rollup%2frollup-linux-loong64-musl 160ms (cache miss)
2353 silly packumentCache full:https://registry.npmjs.org/@rollup%2frollup-linux-loong64-musl set size:undefined disposed:false
2354 silly fetch manifest @rollup/rollup-linux-arm-musleabihf@4.62.4
2355 silly packumentCache full:https://registry.npmjs.org/@rollup%2frollup-linux-arm-musleabihf cache-miss
2356 http fetch GET 200 https://registry.npmjs.org/@rollup%2frollup-linux-riscv64-musl 147ms (cache miss)
2357 silly packumentCache full:https://registry.npmjs.org/@rollup%2frollup-linux-riscv64-musl set size:undefined disposed:false
2358 http fetch GET 200 https://registry.npmjs.org/@rollup%2frollup-linux-arm-gnueabihf 239ms (cache miss)
2359 silly packumentCache full:https://registry.npmjs.org/@rollup%2frollup-linux-arm-gnueabihf set size:undefined disposed:false
2360 http fetch GET 200 https://registry.npmjs.org/@rollup%2frollup-linux-arm-musleabihf 190ms (cache miss)
2361 silly packumentCache full:https://registry.npmjs.org/@rollup%2frollup-linux-arm-musleabihf set size:undefined disposed:false
2362 silly placeDep ROOT @napi-rs/lzma-linux-x64-gnu@1.5.1 OK for: rollup@4.62.4 want: 1.5.1
2363 silly placeDep ROOT @rollup/rollup-android-arm-eabi@4.62.4 OK for: rollup@4.62.4 want: 4.62.4
2364 silly placeDep ROOT @rollup/rollup-android-arm64@4.62.4 OK for: rollup@4.62.4 want: 4.62.4
2365 silly placeDep ROOT @rollup/rollup-darwin-arm64@4.62.4 OK for: rollup@4.62.4 want: 4.62.4
2366 silly placeDep ROOT @rollup/rollup-darwin-x64@4.62.4 OK for: rollup@4.62.4 want: 4.62.4
2367 silly placeDep ROOT @rollup/rollup-freebsd-arm64@4.62.4 OK for: rollup@4.62.4 want: 4.62.4
2368 silly placeDep ROOT @rollup/rollup-freebsd-x64@4.62.4 OK for: rollup@4.62.4 want: 4.62.4
2369 silly placeDep ROOT @rollup/rollup-linux-arm-gnueabihf@4.62.4 OK for: rollup@4.62.4 want: 4.62.4
2370 silly placeDep ROOT @rollup/rollup-linux-arm-musleabihf@4.62.4 OK for: rollup@4.62.4 want: 4.62.4
2371 silly placeDep ROOT @rollup/rollup-linux-arm64-gnu@4.62.4 OK for: rollup@4.62.4 want: 4.62.4
2372 silly placeDep ROOT @rollup/rollup-linux-arm64-musl@4.62.4 OK for: rollup@4.62.4 want: 4.62.4
2373 silly placeDep ROOT @rollup/rollup-linux-loong64-gnu@4.62.4 OK for: rollup@4.62.4 want: 4.62.4
2374 silly placeDep ROOT @rollup/rollup-linux-loong64-musl@4.62.4 OK for: rollup@4.62.4 want: 4.62.4
2375 silly placeDep ROOT @rollup/rollup-linux-ppc64-gnu@4.62.4 OK for: rollup@4.62.4 want: 4.62.4
2376 silly placeDep ROOT @rollup/rollup-linux-ppc64-musl@4.62.4 OK for: rollup@4.62.4 want: 4.62.4
2377 silly placeDep ROOT @rollup/rollup-linux-riscv64-gnu@4.62.4 OK for: rollup@4.62.4 want: 4.62.4
2378 silly placeDep ROOT @rollup/rollup-linux-riscv64-musl@4.62.4 OK for: rollup@4.62.4 want: 4.62.4
2379 silly placeDep ROOT @rollup/rollup-linux-s390x-gnu@4.62.4 OK for: rollup@4.62.4 want: 4.62.4
2380 silly placeDep ROOT @rollup/rollup-linux-x64-gnu@4.62.4 OK for: rollup@4.62.4 want: 4.62.4
2381 silly placeDep ROOT @rollup/rollup-linux-x64-musl@4.62.4 OK for: rollup@4.62.4 want: 4.62.4
2382 silly placeDep ROOT @rollup/rollup-openbsd-x64@4.62.4 OK for: rollup@4.62.4 want: 4.62.4
2383 silly placeDep ROOT @rollup/rollup-openharmony-arm64@4.62.4 OK for: rollup@4.62.4 want: 4.62.4
2384 silly placeDep ROOT @rollup/rollup-win32-arm64-msvc@4.62.4 OK for: rollup@4.62.4 want: 4.62.4
2385 silly placeDep ROOT @rollup/rollup-win32-ia32-msvc@4.62.4 OK for: rollup@4.62.4 want: 4.62.4
2386 silly placeDep ROOT @rollup/rollup-win32-x64-gnu@4.62.4 OK for: rollup@4.62.4 want: 4.62.4
2387 silly placeDep ROOT @rollup/rollup-win32-x64-msvc@4.62.4 OK for: rollup@4.62.4 want: 4.62.4
2388 silly placeDep ROOT isexe@2.0.0 OK for: which@2.0.2 want: ^2.0.0
2389 silly placeDep node_modules/@typescript-eslint/typescript-estree brace-expansion@5.0.9 OK for: minimatch@10.2.6 want: ^5.0.8
2390 silly fetch manifest balanced-match@^4.0.2
2391 silly packumentCache full:https://registry.npmjs.org/balanced-match cache-miss
2392 http cache https://registry.npmjs.org/balanced-match 32ms (cache hit)
2393 silly packumentCache full:https://registry.npmjs.org/balanced-match set size:39082 disposed:false
2394 silly placeDep node_modules/@typescript-eslint/typescript-estree balanced-match@4.0.4 OK for: brace-expansion@5.0.9 want: ^4.0.2
2395 silly placeDep node_modules/body-parser ms@2.0.0 OK for: debug@2.6.9 want: 2.0.0
2396 silly placeDep node_modules/express ms@2.0.0 OK for: debug@2.6.9 want: 2.0.0
2397 silly placeDep node_modules/finalhandler ms@2.0.0 OK for: debug@2.6.9 want: 2.0.0
2398 silly placeDep node_modules/morgan ms@2.0.0 OK for: debug@2.6.9 want: 2.0.0
2399 silly placeDep node_modules/send/node_modules/debug ms@2.0.0 OK for: debug@2.6.9 want: 2.0.0
2400 silly placeDep node_modules/vite @esbuild/aix-ppc64@0.25.12 OK for: esbuild@0.25.12 want: 0.25.12
2401 silly placeDep node_modules/vite @esbuild/android-arm@0.25.12 OK for: esbuild@0.25.12 want: 0.25.12
2402 silly placeDep node_modules/vite @esbuild/android-arm64@0.25.12 OK for: esbuild@0.25.12 want: 0.25.12
2403 silly placeDep node_modules/vite @esbuild/android-x64@0.25.12 OK for: esbuild@0.25.12 want: 0.25.12
2404 silly placeDep node_modules/vite @esbuild/darwin-arm64@0.25.12 OK for: esbuild@0.25.12 want: 0.25.12
2405 silly placeDep node_modules/vite @esbuild/darwin-x64@0.25.12 OK for: esbuild@0.25.12 want: 0.25.12
2406 silly placeDep node_modules/vite @esbuild/freebsd-arm64@0.25.12 OK for: esbuild@0.25.12 want: 0.25.12
2407 silly placeDep node_modules/vite @esbuild/freebsd-x64@0.25.12 OK for: esbuild@0.25.12 want: 0.25.12
2408 silly placeDep node_modules/vite @esbuild/linux-arm@0.25.12 OK for: esbuild@0.25.12 want: 0.25.12
2409 silly placeDep node_modules/vite @esbuild/linux-arm64@0.25.12 OK for: esbuild@0.25.12 want: 0.25.12
2410 silly placeDep node_modules/vite @esbuild/linux-ia32@0.25.12 OK for: esbuild@0.25.12 want: 0.25.12
2411 silly placeDep node_modules/vite @esbuild/linux-loong64@0.25.12 OK for: esbuild@0.25.12 want: 0.25.12
2412 silly placeDep node_modules/vite @esbuild/linux-mips64el@0.25.12 OK for: esbuild@0.25.12 want: 0.25.12
2413 silly placeDep node_modules/vite @esbuild/linux-ppc64@0.25.12 OK for: esbuild@0.25.12 want: 0.25.12
2414 silly placeDep node_modules/vite @esbuild/linux-riscv64@0.25.12 OK for: esbuild@0.25.12 want: 0.25.12
2415 silly placeDep node_modules/vite @esbuild/linux-s390x@0.25.12 OK for: esbuild@0.25.12 want: 0.25.12
2416 silly placeDep node_modules/vite @esbuild/linux-x64@0.25.12 OK for: esbuild@0.25.12 want: 0.25.12
2417 silly placeDep node_modules/vite @esbuild/netbsd-arm64@0.25.12 OK for: esbuild@0.25.12 want: 0.25.12
2418 silly placeDep node_modules/vite @esbuild/netbsd-x64@0.25.12 OK for: esbuild@0.25.12 want: 0.25.12
2419 silly placeDep node_modules/vite @esbuild/openbsd-arm64@0.25.12 OK for: esbuild@0.25.12 want: 0.25.12
2420 silly placeDep node_modules/vite @esbuild/openbsd-x64@0.25.12 OK for: esbuild@0.25.12 want: 0.25.12
2421 silly placeDep node_modules/vite @esbuild/openharmony-arm64@0.25.12 OK for: esbuild@0.25.12 want: 0.25.12
2422 silly placeDep node_modules/vite @esbuild/sunos-x64@0.25.12 OK for: esbuild@0.25.12 want: 0.25.12
2423 silly placeDep node_modules/vite @esbuild/win32-arm64@0.25.12 OK for: esbuild@0.25.12 want: 0.25.12
2424 silly placeDep node_modules/vite @esbuild/win32-ia32@0.25.12 OK for: esbuild@0.25.12 want: 0.25.12
2425 silly placeDep node_modules/vite @esbuild/win32-x64@0.25.12 OK for: esbuild@0.25.12 want: 0.25.12
2426 silly reify moves {}
2427 silly audit bulk request {
2427 silly audit   concurrently: [ '9.2.4' ],
2427 silly audit   husky: [ '9.1.7' ],
2427 silly audit   prettier: [ '3.9.6' ],
2427 silly audit   chalk: [ '4.1.2' ],
2427 silly audit   rxjs: [ '7.8.2' ],
2427 silly audit   'shell-quote': [ '1.9.0' ],
2427 silly audit   'supports-color': [ '8.1.1', '7.2.0' ],
2427 silly audit   'tree-kill': [ '1.2.2' ],
2427 silly audit   yargs: [ '17.7.2' ],
2427 silly audit   'ansi-styles': [ '4.3.0' ],
2427 silly audit   'color-convert': [ '2.0.1' ],
2427 silly audit   'color-name': [ '1.1.4' ],
2427 silly audit   tslib: [ '2.8.1' ],
2427 silly audit   'has-flag': [ '4.0.0' ],
2427 silly audit   cliui: [ '8.0.1' ],
2427 silly audit   escalade: [ '3.2.0' ],
2427 silly audit   'get-caller-file': [ '2.0.5' ],
2427 silly audit   'require-directory': [ '2.1.1' ],
2427 silly audit   'string-width': [ '4.2.3' ],
2427 silly audit   y18n: [ '5.0.8' ],
2427 silly audit   'yargs-parser': [ '21.1.1' ],
2427 silly audit   'strip-ansi': [ '6.0.1' ],
2427 silly audit   'wrap-ansi': [ '7.0.0' ],
2427 silly audit   'emoji-regex': [ '8.0.0' ],
2427 silly audit   'is-fullwidth-code-point': [ '3.0.0' ],
2427 silly audit   'ansi-regex': [ '5.0.1' ],
2427 silly audit   '@eslint/js': [ '9.39.5' ],
2427 silly audit   '@supabase/supabase-js': [ '2.111.0' ],
2427 silly audit   '@tanstack/react-query': [ '5.101.4' ],
2427 silly audit   react: [ '19.2.8' ],
2427 silly audit   '@types/react': [ '19.2.18' ],
2427 silly audit   '@types/react-dom': [ '19.2.4' ],
2427 silly audit   '@vitejs/plugin-react': [ '4.7.0' ],
2427 silly audit   vite: [ '6.4.3' ],
2427 silly audit   autoprefixer: [ '10.5.4' ],
2427 silly audit   postcss: [ '8.5.25' ],
2427 silly audit   eslint: [ '9.39.5' ],
2427 silly audit   'framer-motion': [ '12.43.0' ],
2427 silly audit   'lucide-react': [ '0.475.0' ],
2427 silly audit   'react-dom': [ '19.2.8' ],
2427 silly audit   'react-router-dom': [ '7.18.2' ],
2427 silly audit   tailwindcss: [ '3.4.19' ],
2427 silly audit   typescript: [ '5.7.3' ],
2427 silly audit   'typescript-eslint': [ '8.65.0' ],
2427 silly audit   '@types/cors': [ '2.8.19' ],
2427 silly audit   '@types/express': [ '5.0.6' ],
2427 silly audit   '@types/morgan': [ '1.9.10' ],
2427 silly audit   cors: [ '2.8.6' ],
2427 silly audit   dotenv: [ '16.6.1' ],
2427 silly audit   express: [ '4.22.2' ],
2427 silly audit   'express-rate-limit': [ '7.5.1' ],
2427 silly audit   helmet: [ '8.3.0' ],
2427 silly audit   morgan: [ '1.11.0' ],
2427 silly audit   tsx: [ '4.23.4' ],
2427 silly audit   zod: [ '3.25.76' ],
2427 silly audit   '@supabase/auth-js': [ '2.111.0' ],
2427 silly audit   '@supabase/functions-js': [ '2.111.0' ],
2427 silly audit   '@supabase/postgrest-js': [ '2.111.0' ],
2427 silly audit   '@supabase/realtime-js': [ '2.111.0' ],
2427 silly audit   '@supabase/storage-js': [ '2.111.0' ],
2427 silly audit   '@supabase/phoenix': [ '0.4.5' ],
2427 silly audit   'iceberg-js': [ '0.8.1' ],
2427 silly audit   '@tanstack/query-core': [ '5.101.4' ],
2427 silly audit   '@types/node': [ '26.1.2' ],
2427 silly audit   '@types/body-parser': [ '1.19.6' ],
2427 silly audit   '@types/express-serve-static-core': [ '5.1.3' ],
2427 silly audit   '@types/serve-static': [ '2.2.0' ],
2427 silly audit   '@types/connect': [ '3.4.38' ],
2427 silly audit   '@types/qs': [ '6.15.1' ],
2427 silly audit   '@types/range-parser': [ '1.2.7' ],
2427 silly audit   '@types/send': [ '1.2.1' ],
2427 silly audit   'undici-types': [ '8.3.0' ],
2427 silly audit   csstype: [ '3.2.3' ],
2427 silly audit   '@types/http-errors': [ '2.0.5' ],
2427 silly audit   '@babel/core': [ '7.29.7' ],
2427 silly audit   '@babel/plugin-transform-react-jsx-self': [ '7.29.7' ],
2427 silly audit   '@babel/plugin-transform-react-jsx-source': [ '7.29.7' ],
2427 silly audit   '@rolldown/pluginutils': [ '1.0.0-beta.27' ],
2427 silly audit   '@types/babel__core': [ '7.20.5' ],
2427 silly audit   'react-refresh': [ '0.17.0' ],
2427 silly audit   '@babel/code-frame': [ '7.29.7' ],
2427 silly audit   '@babel/generator': [ '7.29.8' ],
2427 silly audit   '@babel/helper-compilation-targets': [ '7.29.7' ],
2427 silly audit   '@babel/helper-module-transforms': [ '7.29.7' ],
2427 silly audit   '@babel/helpers': [ '7.29.7' ],
2427 silly audit   '@babel/parser': [ '7.29.8' ],
2427 silly audit   '@babel/template': [ '7.29.7' ],
2427 silly audit   '@babel/traverse': [ '7.29.8' ],
2427 silly audit   '@babel/types': [ '7.29.8' ],
2427 silly audit   '@jridgewell/remapping': [ '2.3.5' ],
2427 silly audit   'convert-source-map': [ '2.0.0' ],
2427 silly audit   debug: [ '4.4.3', '2.6.9' ],
2427 silly audit   gensync: [ '1.0.0-beta.2' ],
2427 silly audit   json5: [ '2.2.3' ],
2427 silly audit   semver: [ '6.3.1', '7.8.5' ],
2427 silly audit   '@babel/helper-validator-identifier': [ '7.29.7' ],
2427 silly audit   'js-tokens': [ '4.0.0' ],
2427 silly audit   picocolors: [ '1.1.1' ],
2427 silly audit   '@jridgewell/gen-mapping': [ '0.3.13' ],
2427 silly audit   '@jridgewell/trace-mapping': [ '0.3.31' ],
2427 silly audit   jsesc: [ '3.1.0' ],
2427 silly audit   '@babel/compat-data': [ '7.29.7' ],
2427 silly audit   '@babel/helper-validator-option': [ '7.29.7' ],
2427 silly audit   browserslist: [ '4.28.7' ],
2427 silly audit   'lru-cache': [ '5.1.1' ],
2427 silly audit   '@babel/helper-module-imports': [ '7.29.7' ],
2427 silly audit   '@babel/helper-plugin-utils': [ '7.29.7' ],
2427 silly audit   '@babel/helper-globals': [ '7.29.7' ],
2427 silly audit   '@babel/helper-string-parser': [ '7.29.7' ],
2427 silly audit   '@jridgewell/sourcemap-codec': [ '1.5.5' ],
2427 silly audit   '@jridgewell/resolve-uri': [ '3.1.2' ],
2427 silly audit   '@types/babel__generator': [ '7.27.0' ],
2427 silly audit   '@types/babel__template': [ '7.4.4' ],
2427 silly audit   '@types/babel__traverse': [ '7.28.0' ],
2427 silly audit   'caniuse-lite': [ '1.0.30001806' ],
2427 silly audit   'fraction.js': [ '5.3.4' ],
2427 silly audit   'postcss-value-parser': [ '4.2.0' ],
2427 silly audit   'baseline-browser-mapping': [ '2.11.11' ],
2427 silly audit   'electron-to-chromium': [ '1.5.399' ],
2427 silly audit   'node-releases': [ '2.0.51' ],
2427 silly audit   'update-browserslist-db': [ '1.2.3' ],
2427 silly audit   'object-assign': [ '4.1.1' ],
2427 silly audit   vary: [ '1.1.2' ],
2427 silly audit   ms: [ '2.1.3', '2.0.0' ],
2427 silly audit   '@eslint-community/eslint-utils': [ '4.10.1' ],
2427 silly audit   '@eslint-community/regexpp': [ '4.12.2' ],
2427 silly audit   '@eslint/config-array': [ '0.21.2' ],
2427 silly audit   '@eslint/config-helpers': [ '0.4.2' ],
2427 silly audit   '@eslint/core': [ '0.17.0' ],
2427 silly audit   '@eslint/eslintrc': [ '3.3.6' ],
2427 silly audit   '@eslint/plugin-kit': [ '0.4.1' ],
2427 silly audit   '@humanfs/node': [ '0.16.8' ],
2427 silly audit   '@humanwhocodes/module-importer': [ '1.0.1' ],
2427 silly audit   '@humanwhocodes/retry': [ '0.4.3' ],
2427 silly audit   '@types/estree': [ '1.0.9' ],
2427 silly audit   ajv: [ '6.15.0' ],
2427 silly audit   'cross-spawn': [ '7.0.6' ],
2427 silly audit   'escape-string-regexp': [ '4.0.0' ],
2427 silly audit   'eslint-scope': [ '8.4.0' ],
2427 silly audit   'eslint-visitor-keys': [ '4.2.1', '3.4.3', '5.0.1' ],
2427 silly audit   espree: [ '10.4.0' ],
2427 silly audit   esquery: [ '1.7.0' ],
2427 silly audit   esutils: [ '2.0.3' ],
2427 silly audit   'fast-deep-equal': [ '3.1.3' ],
2427 silly audit   'file-entry-cache': [ '8.0.0' ],
2427 silly audit   'find-up': [ '5.0.0' ],
2427 silly audit   'glob-parent': [ '6.0.2', '5.1.2' ],
2427 silly audit   ignore: [ '5.3.2', '7.0.6' ],
2427 silly audit   imurmurhash: [ '0.1.4' ],
2427 silly audit   'is-glob': [ '4.0.3' ],
2427 silly audit   'json-stable-stringify-without-jsonify': [ '1.0.1' ],
2427 silly audit   'lodash.merge': [ '4.6.2' ],
2427 silly audit   minimatch: [ '3.1.5', '10.2.6' ],
2427 silly audit   'natural-compare': [ '1.4.0' ],
2427 silly audit   optionator: [ '0.9.4' ],
2427 silly audit   '@eslint/object-schema': [ '2.1.7' ],
2427 silly audit   '@types/json-schema': [ '7.0.15' ],
2427 silly audit   globals: [ '14.0.0' ],
2427 silly audit   'import-fresh': [ '3.3.1' ],
2427 silly audit   'js-yaml': [ '4.3.1' ],
2427 silly audit   'strip-json-comments': [ '3.1.1' ],
2427 silly audit   levn: [ '0.4.1' ],
2427 silly audit   '@humanfs/core': [ '0.19.2' ],
2427 silly audit   '@humanfs/types': [ '0.15.0' ],
2427 silly audit   'fast-json-stable-stringify': [ '2.1.0' ],
2427 silly audit   'json-schema-traverse': [ '0.4.1' ],
2427 silly audit   'uri-js': [ '4.4.1' ],
2427 silly audit   'path-key': [ '3.1.1' ],
2427 silly audit   'shebang-command': [ '2.0.0' ],
2427 silly audit   which: [ '2.0.2' ],
2427 silly audit   esrecurse: [ '4.3.0' ],
2427 silly audit   estraverse: [ '5.3.0' ],
2427 silly audit   acorn: [ '8.18.0' ],
2427 silly audit   'acorn-jsx': [ '5.3.2' ],
2427 silly audit   accepts: [ '1.3.8' ],
2427 silly audit   'array-flatten': [ '1.1.1' ],
2427 silly audit   'body-parser': [ '1.20.6' ],
2427 silly audit   'content-disposition': [ '0.5.4' ],
2427 silly audit   'content-type': [ '1.0.5' ],
2427 silly audit   cookie: [ '0.7.2', '1.1.1' ],
2427 silly audit   'cookie-signature': [ '1.0.7' ],
2427 silly audit   depd: [ '2.0.0' ],
2427 silly audit   encodeurl: [ '2.0.0' ],
2427 silly audit   'escape-html': [ '1.0.3' ],
2427 silly audit   etag: [ '1.8.1' ],
2427 silly audit   finalhandler: [ '1.3.2' ],
2427 silly audit   fresh: [ '0.5.2' ],
2427 silly audit   'http-errors': [ '2.0.1' ],
2427 silly audit   'merge-descriptors': [ '1.0.3' ],
2427 silly audit   methods: [ '1.1.2' ],
2427 silly audit   'on-finished': [ '2.4.1' ],
2427 silly audit   parseurl: [ '1.3.3' ],
2427 silly audit   'path-to-regexp': [ '0.1.13' ],
2427 silly audit   'proxy-addr': [ '2.0.7' ],
2427 silly audit   qs: [ '6.15.3' ],
2427 silly audit   'range-parser': [ '1.2.1' ],
2427 silly audit   'safe-buffer': [ '5.2.1', '5.1.2' ],
2427 silly audit   send: [ '0.19.2' ],
2427 silly audit   'serve-static': [ '1.16.3' ],
2427 silly audit   setprototypeof: [ '1.2.0' ],
2427 silly audit   statuses: [ '2.0.2' ],
2427 silly audit   'type-is': [ '1.6.18' ],
2427 silly audit   'utils-merge': [ '1.0.1' ],
2427 silly audit   'mime-types': [ '2.1.35' ],
2427 silly audit   negotiator: [ '0.6.3' ],
2427 silly audit   bytes: [ '3.1.2' ],
2427 silly audit   destroy: [ '1.2.0' ],
2427 silly audit   'iconv-lite': [ '0.4.24' ],
2427 silly audit   'raw-body': [ '2.5.3' ],
2427 silly audit   unpipe: [ '1.0.0' ],
2427 silly audit   'flat-cache': [ '4.0.1' ],
2427 silly audit   'locate-path': [ '6.0.0' ],
2427 silly audit   'path-exists': [ '4.0.0' ],
2427 silly audit   flatted: [ '3.4.4' ],
2427 silly audit   keyv: [ '4.5.4' ],
2427 silly audit   'motion-dom': [ '12.43.0' ],
2427 silly audit   'motion-utils': [ '12.39.0' ],
2427 silly audit   inherits: [ '2.0.4' ],
2427 silly audit   toidentifier: [ '1.0.1' ],
2427 silly audit   'safer-buffer': [ '2.1.2' ],
2427 silly audit   'parent-module': [ '1.0.1' ],
2427 silly audit   'resolve-from': [ '4.0.0' ],
2427 silly audit   'is-extglob': [ '2.1.1' ],
2427 silly audit   argparse: [ '2.0.1' ],
2427 silly audit   'json-buffer': [ '3.0.1' ],
2427 silly audit   'prelude-ls': [ '1.2.1' ],
2427 silly audit   'type-check': [ '0.4.0' ],
2427 silly audit   'p-locate': [ '5.0.0' ],
2427 silly audit   yallist: [ '3.1.1' ],
2427 silly audit   'mime-db': [ '1.52.0' ],
2427 silly audit   'brace-expansion': [ '1.1.18', '5.0.9' ],
2427 silly audit   'balanced-match': [ '1.0.2', '4.0.4' ],
2427 silly audit   'concat-map': [ '0.0.1' ],
2427 silly audit   'basic-auth': [ '2.0.1' ],
2427 silly audit   'on-headers': [ '1.1.0' ],
2427 silly audit   'ee-first': [ '1.1.1' ],
2427 silly audit   'deep-is': [ '0.1.4' ],
2427 silly audit   'fast-levenshtein': [ '2.0.6' ],
2427 silly audit   'word-wrap': [ '1.2.5' ],
2427 silly audit   'p-limit': [ '3.1.0' ],
2427 silly audit   'yocto-queue': [ '0.1.0' ],
2427 silly audit   callsites: [ '3.1.0' ],
2427 silly audit   nanoid: [ '3.3.16' ],
2427 silly audit   'source-map-js': [ '1.2.1' ],
2427 silly audit   forwarded: [ '0.2.0' ],
2427 silly audit   'ipaddr.js': [ '1.9.1' ],
2427 silly audit   'es-define-property': [ '1.0.1' ],
2427 silly audit   'side-channel': [ '1.1.1' ],
2427 silly audit   scheduler: [ '0.27.0' ],
2427 silly audit   'react-router': [ '7.18.2' ],
2427 silly audit   'set-cookie-parser': [ '2.7.2' ],
2427 silly audit   mime: [ '1.6.0' ],
2427 silly audit   'shebang-regex': [ '3.0.0' ],
2427 silly audit   'es-errors': [ '1.3.0' ],
2427 silly audit   'object-inspect': [ '1.13.4' ],
2427 silly audit   'side-channel-list': [ '1.0.1' ],
2427 silly audit   'side-channel-map': [ '1.0.1' ],
2427 silly audit   'side-channel-weakmap': [ '1.0.2' ],
2427 silly audit   'call-bound': [ '1.0.4' ],
2427 silly audit   'get-intrinsic': [ '1.3.0' ],
2427 silly audit   'call-bind-apply-helpers': [ '1.0.2' ],
2427 silly audit   'function-bind': [ '1.1.2' ],
2427 silly audit   'es-object-atoms': [ '1.1.2' ],
2427 silly audit   'get-proto': [ '1.0.1' ],
2427 silly audit   gopd: [ '1.2.0' ],
2427 silly audit   'has-symbols': [ '1.1.0' ],
2427 silly audit   hasown: [ '2.0.4' ],
2427 silly audit   'math-intrinsics': [ '1.1.0' ],
2427 silly audit   'dunder-proto': [ '1.0.1' ],
2427 silly audit   '@alloc/quick-lru': [ '5.2.0' ],
2427 silly audit   arg: [ '5.0.2' ],
2427 silly audit   chokidar: [ '3.6.0' ],
2427 silly audit   didyoumean: [ '1.2.2' ],
2427 silly audit   dlv: [ '1.1.3' ],
2427 silly audit   'fast-glob': [ '3.3.3' ],
2427 silly audit   jiti: [ '1.21.7' ],
2427 silly audit   lilconfig: [ '3.1.3' ],
2427 silly audit   micromatch: [ '4.0.8' ],
2427 silly audit   'normalize-path': [ '3.0.0' ],
2427 silly audit   'object-hash': [ '3.0.0' ],
2427 silly audit   'postcss-import': [ '15.1.0' ],
2427 silly audit   'postcss-js': [ '4.1.0' ],
2427 silly audit   'postcss-load-config': [ '6.0.1' ],
2427 silly audit   'postcss-nested': [ '6.2.0' ],
2427 silly audit   'postcss-selector-parser': [ '6.1.4' ],
2427 silly audit   resolve: [ '1.22.12' ],
2427 silly audit   sucrase: [ '3.35.1' ],
2427 silly audit   anymatch: [ '3.1.3' ],
2427 silly audit   braces: [ '3.0.3' ],
2427 silly audit   fsevents: [ '2.3.3' ],
2427 silly audit   'is-binary-path': [ '2.1.0' ],
2427 silly audit   readdirp: [ '3.6.0' ],
2427 silly audit   picomatch: [ '2.3.2', '4.0.5' ],
2427 silly audit   'fill-range': [ '7.1.1' ],
2427 silly audit   '@nodelib/fs.stat': [ '2.0.5' ],
2427 silly audit   '@nodelib/fs.walk': [ '1.2.8' ],
2427 silly audit   merge2: [ '1.4.1' ],
2427 silly audit   '@nodelib/fs.scandir': [ '2.1.5' ],
2427 silly audit   fastq: [ '1.20.1' ],
2427 silly audit   'run-parallel': [ '1.2.0' ],
2427 silly audit   reusify: [ '1.1.0' ],
2427 silly audit   'to-regex-range': [ '5.0.1' ],
2427 silly audit   'binary-extensions': [ '2.3.0' ],
2427 silly audit   'read-cache': [ '1.0.0' ],
2427 silly audit   'camelcase-css': [ '2.0.1' ],
2427 silly audit   cssesc: [ '3.0.0' ],
2427 silly audit   'util-deprecate': [ '1.0.2' ],
2427 silly audit   pify: [ '2.3.0' ],
2427 silly audit   'is-core-module': [ '2.16.2' ],
2427 silly audit   'path-parse': [ '1.0.7' ],
2427 silly audit   'supports-preserve-symlinks-flag': [ '1.0.0' ],
2427 silly audit   'queue-microtask': [ '1.2.3' ],
2427 silly audit   commander: [ '4.1.1' ],
2427 silly audit   'lines-and-columns': [ '1.2.4' ],
2427 silly audit   mz: [ '2.7.0' ],
2427 silly audit   pirates: [ '4.0.7' ],
2427 silly audit   tinyglobby: [ '0.2.17' ],
2427 silly audit   'ts-interface-checker': [ '0.1.13' ],
2427 silly audit   'any-promise': [ '1.3.0' ],
2427 silly audit   'thenify-all': [ '1.6.0' ],
2427 silly audit   thenify: [ '3.3.1' ],
2427 silly audit   fdir: [ '6.5.0' ],
2427 silly audit   'is-number': [ '7.0.0' ],
2427 silly audit   esbuild: [ '0.28.1', '0.25.12' ],
2427 silly audit   '@esbuild/aix-ppc64': [ '0.28.1', '0.25.12' ],
2427 silly audit   '@esbuild/android-arm': [ '0.28.1', '0.25.12' ],
2427 silly audit   '@esbuild/android-arm64': [ '0.28.1', '0.25.12' ],
2427 silly audit   '@esbuild/android-x64': [ '0.28.1', '0.25.12' ],
2427 silly audit   '@esbuild/darwin-arm64': [ '0.28.1', '0.25.12' ],
2427 silly audit   '@esbuild/darwin-x64': [ '0.28.1', '0.25.12' ],
2427 silly audit   '@esbuild/freebsd-arm64': [ '0.28.1', '0.25.12' ],
2427 silly audit   '@esbuild/freebsd-x64': [ '0.28.1', '0.25.12' ],
2427 silly audit   '@esbuild/linux-arm': [ '0.28.1', '0.25.12' ],
2427 silly audit   '@esbuild/linux-arm64': [ '0.28.1', '0.25.12' ],
2427 silly audit   '@esbuild/linux-ia32': [ '0.28.1', '0.25.12' ],
2427 silly audit   '@esbuild/linux-loong64': [ '0.28.1', '0.25.12' ],
2427 silly audit   '@esbuild/linux-mips64el': [ '0.28.1', '0.25.12' ],
2427 silly audit   '@esbuild/linux-ppc64': [ '0.28.1', '0.25.12' ],
2427 silly audit   '@esbuild/linux-riscv64': [ '0.28.1', '0.25.12' ],
2427 silly audit   '@esbuild/linux-s390x': [ '0.28.1', '0.25.12' ],
2427 silly audit   '@esbuild/linux-x64': [ '0.28.1', '0.25.12' ],
2427 silly audit   '@esbuild/netbsd-arm64': [ '0.28.1', '0.25.12' ],
2427 silly audit   '@esbuild/netbsd-x64': [ '0.28.1', '0.25.12' ],
2427 silly audit   '@esbuild/openbsd-arm64': [ '0.28.1', '0.25.12' ],
2427 silly audit   '@esbuild/openbsd-x64': [ '0.28.1', '0.25.12' ],
2427 silly audit   '@esbuild/openharmony-arm64': [ '0.28.1', '0.25.12' ],
2427 silly audit   '@esbuild/sunos-x64': [ '0.28.1', '0.25.12' ],
2427 silly audit   '@esbuild/win32-arm64': [ '0.28.1', '0.25.12' ],
2427 silly audit   '@esbuild/win32-ia32': [ '0.28.1', '0.25.12' ],
2427 silly audit   '@esbuild/win32-x64': [ '0.28.1', '0.25.12' ],
2427 silly audit   'media-typer': [ '0.3.0' ],
2427 silly audit   '@typescript-eslint/eslint-plugin': [ '8.65.0' ],
2427 silly audit   '@typescript-eslint/parser': [ '8.65.0' ],
2427 silly audit   '@typescript-eslint/typescript-estree': [ '8.65.0' ],
2427 silly audit   '@typescript-eslint/utils': [ '8.65.0' ],
2427 silly audit   '@typescript-eslint/scope-manager': [ '8.65.0' ],
2427 silly audit   '@typescript-eslint/type-utils': [ '8.65.0' ],
2427 silly audit   '@typescript-eslint/visitor-keys': [ '8.65.0' ],
2427 silly audit   'ts-api-utils': [ '2.5.0' ],
2427 silly audit   '@typescript-eslint/types': [ '8.65.0' ],
2427 silly audit   '@typescript-eslint/project-service': [ '8.65.0' ],
2427 silly audit   '@typescript-eslint/tsconfig-utils': [ '8.65.0' ],
2427 silly audit   punycode: [ '2.3.1' ],
2427 silly audit   rollup: [ '4.62.4' ],
2427 silly audit   '@napi-rs/lzma-linux-x64-gnu': [ '1.5.1' ],
2427 silly audit   '@rollup/rollup-android-arm-eabi': [ '4.62.4' ],
2427 silly audit   '@rollup/rollup-android-arm64': [ '4.62.4' ],
2427 silly audit   '@rollup/rollup-darwin-arm64': [ '4.62.4' ],
2427 silly audit   '@rollup/rollup-darwin-x64': [ '4.62.4' ],
2427 silly audit   '@rollup/rollup-freebsd-arm64': [ '4.62.4' ],
2427 silly audit   '@rollup/rollup-freebsd-x64': [ '4.62.4' ],
2427 silly audit   '@rollup/rollup-linux-arm-gnueabihf': [ '4.62.4' ],
2427 silly audit   '@rollup/rollup-linux-arm-musleabihf': [ '4.62.4' ],
2427 silly audit   '@rollup/rollup-linux-arm64-gnu': [ '4.62.4' ],
2427 silly audit   '@rollup/rollup-linux-arm64-musl': [ '4.62.4' ],
2427 silly audit   '@rollup/rollup-linux-loong64-gnu': [ '4.62.4' ],
2427 silly audit   '@rollup/rollup-linux-loong64-musl': [ '4.62.4' ],
2427 silly audit   '@rollup/rollup-linux-ppc64-gnu': [ '4.62.4' ],
2427 silly audit   '@rollup/rollup-linux-ppc64-musl': [ '4.62.4' ],
2427 silly audit   '@rollup/rollup-linux-riscv64-gnu': [ '4.62.4' ],
2427 silly audit   '@rollup/rollup-linux-riscv64-musl': [ '4.62.4' ],
2427 silly audit   '@rollup/rollup-linux-s390x-gnu': [ '4.62.4' ],
2427 silly audit   '@rollup/rollup-linux-x64-gnu': [ '4.62.4' ],
2427 silly audit   '@rollup/rollup-linux-x64-musl': [ '4.62.4' ],
2427 silly audit   '@rollup/rollup-openbsd-x64': [ '4.62.4' ],
2427 silly audit   '@rollup/rollup-openharmony-arm64': [ '4.62.4' ],
2427 silly audit   '@rollup/rollup-win32-arm64-msvc': [ '4.62.4' ],
2427 silly audit   '@rollup/rollup-win32-ia32-msvc': [ '4.62.4' ],
2427 silly audit   '@rollup/rollup-win32-x64-gnu': [ '4.62.4' ],
2427 silly audit   '@rollup/rollup-win32-x64-msvc': [ '4.62.4' ],
2427 silly audit   isexe: [ '2.0.0' ]
2427 silly audit }
2428 http cache @rollup/rollup-win32-x64-gnu@https://registry.npmjs.org/@rollup/rollup-win32-x64-gnu/-/rollup-win32-x64-gnu-4.62.4.tgz 0ms (cache hit)
2429 http cache @rollup/rollup-win32-x64-msvc@https://registry.npmjs.org/@rollup/rollup-win32-x64-msvc/-/rollup-win32-x64-msvc-4.62.4.tgz 0ms (cache hit)
2430 http cache isexe@https://registry.npmjs.org/isexe/-/isexe-2.0.0.tgz 0ms (cache hit)
2431 http cache rollup@https://registry.npmjs.org/rollup/-/rollup-4.62.4.tgz 0ms (cache hit)
2432 http cache ts-api-utils@https://registry.npmjs.org/ts-api-utils/-/ts-api-utils-2.5.0.tgz 0ms (cache hit)
2433 http cache @typescript-eslint/project-service@https://registry.npmjs.org/@typescript-eslint/project-service/-/project-service-8.65.0.tgz 0ms (cache hit)
2434 http cache @typescript-eslint/types@https://registry.npmjs.org/@typescript-eslint/types/-/types-8.65.0.tgz 0ms (cache hit)
2435 http cache @typescript-eslint/visitor-keys@https://registry.npmjs.org/@typescript-eslint/visitor-keys/-/visitor-keys-8.65.0.tgz 0ms (cache hit)
2436 http cache @typescript-eslint/type-utils@https://registry.npmjs.org/@typescript-eslint/type-utils/-/type-utils-8.65.0.tgz 0ms (cache hit)
2437 http cache @typescript-eslint/scope-manager@https://registry.npmjs.org/@typescript-eslint/scope-manager/-/scope-manager-8.65.0.tgz 0ms (cache hit)
2438 http cache @typescript-eslint/utils@https://registry.npmjs.org/@typescript-eslint/utils/-/utils-8.65.0.tgz 0ms (cache hit)
2439 http cache @typescript-eslint/parser@https://registry.npmjs.org/@typescript-eslint/parser/-/parser-8.65.0.tgz 0ms (cache hit)
2440 http cache @typescript-eslint/typescript-estree@https://registry.npmjs.org/@typescript-eslint/typescript-estree/-/typescript-estree-8.65.0.tgz 0ms (cache hit)
2441 http cache media-typer@https://registry.npmjs.org/media-typer/-/media-typer-0.3.0.tgz 0ms (cache hit)
2442 http cache punycode@https://registry.npmjs.org/punycode/-/punycode-2.3.1.tgz 0ms (cache hit)
2443 http cache @typescript-eslint/eslint-plugin@https://registry.npmjs.org/@typescript-eslint/eslint-plugin/-/eslint-plugin-8.65.0.tgz 0ms (cache hit)
2444 http cache is-number@https://registry.npmjs.org/is-number/-/is-number-7.0.0.tgz 0ms (cache hit)
2445 http cache esbuild@https://registry.npmjs.org/esbuild/-/esbuild-0.28.1.tgz 0ms (cache hit)
2446 http cache @esbuild/win32-x64@https://registry.npmjs.org/@esbuild/win32-x64/-/win32-x64-0.28.1.tgz 0ms (cache hit)
2447 http cache thenify@https://registry.npmjs.org/thenify/-/thenify-3.3.1.tgz 0ms (cache hit)
2448 http cache ts-interface-checker@https://registry.npmjs.org/ts-interface-checker/-/ts-interface-checker-0.1.13.tgz 0ms (cache hit)
2449 http cache any-promise@https://registry.npmjs.org/any-promise/-/any-promise-1.3.0.tgz 0ms (cache hit)
2450 http cache thenify-all@https://registry.npmjs.org/thenify-all/-/thenify-all-1.6.0.tgz 0ms (cache hit)
2451 http cache pirates@https://registry.npmjs.org/pirates/-/pirates-4.0.7.tgz 0ms (cache hit)
2452 http cache tinyglobby@https://registry.npmjs.org/tinyglobby/-/tinyglobby-0.2.17.tgz 0ms (cache hit)
2453 http cache mz@https://registry.npmjs.org/mz/-/mz-2.7.0.tgz 0ms (cache hit)
2454 http cache commander@https://registry.npmjs.org/commander/-/commander-4.1.1.tgz 0ms (cache hit)
2455 http cache queue-microtask@https://registry.npmjs.org/queue-microtask/-/queue-microtask-1.2.3.tgz 0ms (cache hit)
2456 http cache supports-preserve-symlinks-flag@https://registry.npmjs.org/supports-preserve-symlinks-flag/-/supports-preserve-symlinks-flag-1.0.0.tgz 0ms (cache hit)
2457 http cache lines-and-columns@https://registry.npmjs.org/lines-and-columns/-/lines-and-columns-1.2.4.tgz 0ms (cache hit)
2458 http cache @typescript-eslint/tsconfig-utils@https://registry.npmjs.org/@typescript-eslint/tsconfig-utils/-/tsconfig-utils-8.65.0.tgz 0ms (cache hit)
2459 http cache path-parse@https://registry.npmjs.org/path-parse/-/path-parse-1.0.7.tgz 0ms (cache hit)
2460 http cache is-core-module@https://registry.npmjs.org/is-core-module/-/is-core-module-2.16.2.tgz 0ms (cache hit)
2461 http cache pify@https://registry.npmjs.org/pify/-/pify-2.3.0.tgz 0ms (cache hit)
2462 http cache util-deprecate@https://registry.npmjs.org/util-deprecate/-/util-deprecate-1.0.2.tgz 0ms (cache hit)
2463 http cache cssesc@https://registry.npmjs.org/cssesc/-/cssesc-3.0.0.tgz 0ms (cache hit)
2464 http cache camelcase-css@https://registry.npmjs.org/camelcase-css/-/camelcase-css-2.0.1.tgz 0ms (cache hit)
2465 http cache binary-extensions@https://registry.npmjs.org/binary-extensions/-/binary-extensions-2.3.0.tgz 0ms (cache hit)
2466 http cache read-cache@https://registry.npmjs.org/read-cache/-/read-cache-1.0.0.tgz 0ms (cache hit)
2467 http cache to-regex-range@https://registry.npmjs.org/to-regex-range/-/to-regex-range-5.0.1.tgz 0ms (cache hit)
2468 http cache run-parallel@https://registry.npmjs.org/run-parallel/-/run-parallel-1.2.0.tgz 0ms (cache hit)
2469 http cache reusify@https://registry.npmjs.org/reusify/-/reusify-1.1.0.tgz 0ms (cache hit)
2470 http cache @nodelib/fs.scandir@https://registry.npmjs.org/@nodelib/fs.scandir/-/fs.scandir-2.1.5.tgz 0ms (cache hit)
2471 http cache fastq@https://registry.npmjs.org/fastq/-/fastq-1.20.1.tgz 0ms (cache hit)
2472 http cache @nodelib/fs.walk@https://registry.npmjs.org/@nodelib/fs.walk/-/fs.walk-1.2.8.tgz 0ms (cache hit)
2473 http cache fill-range@https://registry.npmjs.org/fill-range/-/fill-range-7.1.1.tgz 0ms (cache hit)
2474 http cache @nodelib/fs.stat@https://registry.npmjs.org/@nodelib/fs.stat/-/fs.stat-2.0.5.tgz 0ms (cache hit)
2475 http cache picomatch@https://registry.npmjs.org/picomatch/-/picomatch-2.3.2.tgz 0ms (cache hit)
2476 http cache readdirp@https://registry.npmjs.org/readdirp/-/readdirp-3.6.0.tgz 0ms (cache hit)
2477 http cache braces@https://registry.npmjs.org/braces/-/braces-3.0.3.tgz 0ms (cache hit)
2478 http cache is-binary-path@https://registry.npmjs.org/is-binary-path/-/is-binary-path-2.1.0.tgz 0ms (cache hit)
2479 http cache anymatch@https://registry.npmjs.org/anymatch/-/anymatch-3.1.3.tgz 0ms (cache hit)
2480 http cache sucrase@https://registry.npmjs.org/sucrase/-/sucrase-3.35.1.tgz 0ms (cache hit)
2481 http cache resolve@https://registry.npmjs.org/resolve/-/resolve-1.22.12.tgz 0ms (cache hit)
2482 http cache postcss-selector-parser@https://registry.npmjs.org/postcss-selector-parser/-/postcss-selector-parser-6.1.4.tgz 0ms (cache hit)
2483 http cache postcss-nested@https://registry.npmjs.org/postcss-nested/-/postcss-nested-6.2.0.tgz 0ms (cache hit)
2484 http cache postcss-load-config@https://registry.npmjs.org/postcss-load-config/-/postcss-load-config-6.0.1.tgz 0ms (cache hit)
2485 http cache postcss-js@https://registry.npmjs.org/postcss-js/-/postcss-js-4.1.0.tgz 0ms (cache hit)
2486 http cache postcss-import@https://registry.npmjs.org/postcss-import/-/postcss-import-15.1.0.tgz 0ms (cache hit)
2487 http cache object-hash@https://registry.npmjs.org/object-hash/-/object-hash-3.0.0.tgz 0ms (cache hit)
2488 http cache micromatch@https://registry.npmjs.org/micromatch/-/micromatch-4.0.8.tgz 0ms (cache hit)
2489 http cache lilconfig@https://registry.npmjs.org/lilconfig/-/lilconfig-3.1.3.tgz 0ms (cache hit)
2490 http cache jiti@https://registry.npmjs.org/jiti/-/jiti-1.21.7.tgz 0ms (cache hit)
2491 http cache normalize-path@https://registry.npmjs.org/normalize-path/-/normalize-path-3.0.0.tgz 0ms (cache hit)
2492 http cache merge2@https://registry.npmjs.org/merge2/-/merge2-1.4.1.tgz 0ms (cache hit)
2493 http cache dlv@https://registry.npmjs.org/dlv/-/dlv-1.1.3.tgz 0ms (cache hit)
2494 http cache fast-glob@https://registry.npmjs.org/fast-glob/-/fast-glob-3.3.3.tgz 0ms (cache hit)
2495 http cache didyoumean@https://registry.npmjs.org/didyoumean/-/didyoumean-1.2.2.tgz 0ms (cache hit)
2496 http cache chokidar@https://registry.npmjs.org/chokidar/-/chokidar-3.6.0.tgz 1ms (cache hit)
2497 http cache @alloc/quick-lru@https://registry.npmjs.org/@alloc/quick-lru/-/quick-lru-5.2.0.tgz 0ms (cache hit)
2498 http cache arg@https://registry.npmjs.org/arg/-/arg-5.0.2.tgz 0ms (cache hit)
2499 http cache hasown@https://registry.npmjs.org/hasown/-/hasown-2.0.4.tgz 0ms (cache hit)
2500 http cache dunder-proto@https://registry.npmjs.org/dunder-proto/-/dunder-proto-1.0.1.tgz 0ms (cache hit)
2501 http cache math-intrinsics@https://registry.npmjs.org/math-intrinsics/-/math-intrinsics-1.1.0.tgz 0ms (cache hit)
2502 http cache has-symbols@https://registry.npmjs.org/has-symbols/-/has-symbols-1.1.0.tgz 0ms (cache hit)
2503 http cache get-proto@https://registry.npmjs.org/get-proto/-/get-proto-1.0.1.tgz 0ms (cache hit)
2504 http cache gopd@https://registry.npmjs.org/gopd/-/gopd-1.2.0.tgz 0ms (cache hit)
2505 http cache es-object-atoms@https://registry.npmjs.org/es-object-atoms/-/es-object-atoms-1.1.2.tgz 0ms (cache hit)
2506 http cache function-bind@https://registry.npmjs.org/function-bind/-/function-bind-1.1.2.tgz 0ms (cache hit)
2507 http cache get-intrinsic@https://registry.npmjs.org/get-intrinsic/-/get-intrinsic-1.3.0.tgz 0ms (cache hit)
2508 http cache call-bind-apply-helpers@https://registry.npmjs.org/call-bind-apply-helpers/-/call-bind-apply-helpers-1.0.2.tgz 0ms (cache hit)
2509 http cache call-bound@https://registry.npmjs.org/call-bound/-/call-bound-1.0.4.tgz 1ms (cache hit)
2510 http cache side-channel-weakmap@https://registry.npmjs.org/side-channel-weakmap/-/side-channel-weakmap-1.0.2.tgz 0ms (cache hit)
2511 http cache side-channel-map@https://registry.npmjs.org/side-channel-map/-/side-channel-map-1.0.1.tgz 0ms (cache hit)
2512 http cache object-inspect@https://registry.npmjs.org/object-inspect/-/object-inspect-1.13.4.tgz 0ms (cache hit)
2513 http cache side-channel-list@https://registry.npmjs.org/side-channel-list/-/side-channel-list-1.0.1.tgz 0ms (cache hit)
2514 http cache es-errors@https://registry.npmjs.org/es-errors/-/es-errors-1.3.0.tgz 0ms (cache hit)
2515 http cache set-cookie-parser@https://registry.npmjs.org/set-cookie-parser/-/set-cookie-parser-2.7.2.tgz 0ms (cache hit)
2516 http cache mime@https://registry.npmjs.org/mime/-/mime-1.6.0.tgz 1ms (cache hit)
2517 http cache react-router@https://registry.npmjs.org/react-router/-/react-router-7.18.2.tgz 0ms (cache hit)
2518 http cache side-channel@https://registry.npmjs.org/side-channel/-/side-channel-1.1.1.tgz 0ms (cache hit)
2519 http cache scheduler@https://registry.npmjs.org/scheduler/-/scheduler-0.27.0.tgz 0ms (cache hit)
2520 http cache es-define-property@https://registry.npmjs.org/es-define-property/-/es-define-property-1.0.1.tgz 0ms (cache hit)
2521 http cache forwarded@https://registry.npmjs.org/forwarded/-/forwarded-0.2.0.tgz 0ms (cache hit)
2522 http cache ipaddr.js@https://registry.npmjs.org/ipaddr.js/-/ipaddr.js-1.9.1.tgz 0ms (cache hit)
2523 http cache source-map-js@https://registry.npmjs.org/source-map-js/-/source-map-js-1.2.1.tgz 0ms (cache hit)
2524 http cache callsites@https://registry.npmjs.org/callsites/-/callsites-3.1.0.tgz 0ms (cache hit)
2525 http cache nanoid@https://registry.npmjs.org/nanoid/-/nanoid-3.3.16.tgz 0ms (cache hit)
2526 http cache yocto-queue@https://registry.npmjs.org/yocto-queue/-/yocto-queue-0.1.0.tgz 0ms (cache hit)
2527 http cache p-limit@https://registry.npmjs.org/p-limit/-/p-limit-3.1.0.tgz 0ms (cache hit)
2528 http cache word-wrap@https://registry.npmjs.org/word-wrap/-/word-wrap-1.2.5.tgz 0ms (cache hit)
2529 http cache fast-levenshtein@https://registry.npmjs.org/fast-levenshtein/-/fast-levenshtein-2.0.6.tgz 0ms (cache hit)
2530 http cache ee-first@https://registry.npmjs.org/ee-first/-/ee-first-1.1.1.tgz 0ms (cache hit)
2531 http cache deep-is@https://registry.npmjs.org/deep-is/-/deep-is-0.1.4.tgz 0ms (cache hit)
2532 http cache on-headers@https://registry.npmjs.org/on-headers/-/on-headers-1.1.0.tgz 0ms (cache hit)
2533 http cache concat-map@https://registry.npmjs.org/concat-map/-/concat-map-0.0.1.tgz 0ms (cache hit)
2534 http cache basic-auth@https://registry.npmjs.org/basic-auth/-/basic-auth-2.0.1.tgz 0ms (cache hit)
2535 http cache balanced-match@https://registry.npmjs.org/balanced-match/-/balanced-match-1.0.2.tgz 0ms (cache hit)
2536 http cache brace-expansion@https://registry.npmjs.org/brace-expansion/-/brace-expansion-1.1.18.tgz 0ms (cache hit)
2537 http cache mime-db@https://registry.npmjs.org/mime-db/-/mime-db-1.52.0.tgz 0ms (cache hit)
2538 http cache yallist@https://registry.npmjs.org/yallist/-/yallist-3.1.1.tgz 0ms (cache hit)
2539 http cache p-locate@https://registry.npmjs.org/p-locate/-/p-locate-5.0.0.tgz 0ms (cache hit)
2540 http cache type-check@https://registry.npmjs.org/type-check/-/type-check-0.4.0.tgz 0ms (cache hit)
2541 http cache prelude-ls@https://registry.npmjs.org/prelude-ls/-/prelude-ls-1.2.1.tgz 1ms (cache hit)
2542 http cache json-buffer@https://registry.npmjs.org/json-buffer/-/json-buffer-3.0.1.tgz 0ms (cache hit)
2543 http cache is-extglob@https://registry.npmjs.org/is-extglob/-/is-extglob-2.1.1.tgz 0ms (cache hit)
2544 http cache resolve-from@https://registry.npmjs.org/resolve-from/-/resolve-from-4.0.0.tgz 0ms (cache hit)
2545 http cache argparse@https://registry.npmjs.org/argparse/-/argparse-2.0.1.tgz 0ms (cache hit)
2546 http cache parent-module@https://registry.npmjs.org/parent-module/-/parent-module-1.0.1.tgz 0ms (cache hit)
2547 http cache safer-buffer@https://registry.npmjs.org/safer-buffer/-/safer-buffer-2.1.2.tgz 0ms (cache hit)
2548 http cache toidentifier@https://registry.npmjs.org/toidentifier/-/toidentifier-1.0.1.tgz 0ms (cache hit)
2549 http cache inherits@https://registry.npmjs.org/inherits/-/inherits-2.0.4.tgz 0ms (cache hit)
2550 http cache flatted@https://registry.npmjs.org/flatted/-/flatted-3.4.4.tgz 0ms (cache hit)
2551 http cache motion-utils@https://registry.npmjs.org/motion-utils/-/motion-utils-12.39.0.tgz 0ms (cache hit)
2552 http cache keyv@https://registry.npmjs.org/keyv/-/keyv-4.5.4.tgz 0ms (cache hit)
2553 http cache path-exists@https://registry.npmjs.org/path-exists/-/path-exists-4.0.0.tgz 0ms (cache hit)
2554 http cache flat-cache@https://registry.npmjs.org/flat-cache/-/flat-cache-4.0.1.tgz 0ms (cache hit)
2555 http cache locate-path@https://registry.npmjs.org/locate-path/-/locate-path-6.0.0.tgz 0ms (cache hit)
2556 http cache unpipe@https://registry.npmjs.org/unpipe/-/unpipe-1.0.0.tgz 0ms (cache hit)
2557 http cache raw-body@https://registry.npmjs.org/raw-body/-/raw-body-2.5.3.tgz 0ms (cache hit)
2558 http cache iconv-lite@https://registry.npmjs.org/iconv-lite/-/iconv-lite-0.4.24.tgz 0ms (cache hit)
2559 http cache destroy@https://registry.npmjs.org/destroy/-/destroy-1.2.0.tgz 0ms (cache hit)
2560 http cache bytes@https://registry.npmjs.org/bytes/-/bytes-3.1.2.tgz 0ms (cache hit)
2561 http cache negotiator@https://registry.npmjs.org/negotiator/-/negotiator-0.6.3.tgz 0ms (cache hit)
2562 http cache mime-types@https://registry.npmjs.org/mime-types/-/mime-types-2.1.35.tgz 0ms (cache hit)
2563 http cache type-is@https://registry.npmjs.org/type-is/-/type-is-1.6.18.tgz 0ms (cache hit)
2564 http cache utils-merge@https://registry.npmjs.org/utils-merge/-/utils-merge-1.0.1.tgz 0ms (cache hit)
2565 http cache statuses@https://registry.npmjs.org/statuses/-/statuses-2.0.2.tgz 0ms (cache hit)
2566 http cache setprototypeof@https://registry.npmjs.org/setprototypeof/-/setprototypeof-1.2.0.tgz 0ms (cache hit)
2567 http cache serve-static@https://registry.npmjs.org/serve-static/-/serve-static-1.16.3.tgz 0ms (cache hit)
2568 http cache send@https://registry.npmjs.org/send/-/send-0.19.2.tgz 0ms (cache hit)
2569 http cache safe-buffer@https://registry.npmjs.org/safe-buffer/-/safe-buffer-5.2.1.tgz 0ms (cache hit)
2570 http cache range-parser@https://registry.npmjs.org/range-parser/-/range-parser-1.2.1.tgz 0ms (cache hit)
2571 http cache qs@https://registry.npmjs.org/qs/-/qs-6.15.3.tgz 0ms (cache hit)
2572 http cache proxy-addr@https://registry.npmjs.org/proxy-addr/-/proxy-addr-2.0.7.tgz 0ms (cache hit)
2573 http cache path-to-regexp@https://registry.npmjs.org/path-to-regexp/-/path-to-regexp-0.1.13.tgz 0ms (cache hit)
2574 http cache parseurl@https://registry.npmjs.org/parseurl/-/parseurl-1.3.3.tgz 0ms (cache hit)
2575 http cache on-finished@https://registry.npmjs.org/on-finished/-/on-finished-2.4.1.tgz 0ms (cache hit)
2576 http cache methods@https://registry.npmjs.org/methods/-/methods-1.1.2.tgz 0ms (cache hit)
2577 http cache merge-descriptors@https://registry.npmjs.org/merge-descriptors/-/merge-descriptors-1.0.3.tgz 0ms (cache hit)
2578 http cache fresh@https://registry.npmjs.org/fresh/-/fresh-0.5.2.tgz 0ms (cache hit)
2579 http cache http-errors@https://registry.npmjs.org/http-errors/-/http-errors-2.0.1.tgz 0ms (cache hit)
2580 http cache etag@https://registry.npmjs.org/etag/-/etag-1.8.1.tgz 0ms (cache hit)
2581 http cache escape-html@https://registry.npmjs.org/escape-html/-/escape-html-1.0.3.tgz 0ms (cache hit)
2582 http cache finalhandler@https://registry.npmjs.org/finalhandler/-/finalhandler-1.3.2.tgz 0ms (cache hit)
2583 http cache encodeurl@https://registry.npmjs.org/encodeurl/-/encodeurl-2.0.0.tgz 0ms (cache hit)
2584 http cache depd@https://registry.npmjs.org/depd/-/depd-2.0.0.tgz 0ms (cache hit)
2585 http cache cookie-signature@https://registry.npmjs.org/cookie-signature/-/cookie-signature-1.0.7.tgz 0ms (cache hit)
2586 http cache cookie@https://registry.npmjs.org/cookie/-/cookie-0.7.2.tgz 0ms (cache hit)
2587 http cache content-type@https://registry.npmjs.org/content-type/-/content-type-1.0.5.tgz 0ms (cache hit)
2588 http cache content-disposition@https://registry.npmjs.org/content-disposition/-/content-disposition-0.5.4.tgz 0ms (cache hit)
2589 http cache body-parser@https://registry.npmjs.org/body-parser/-/body-parser-1.20.6.tgz 0ms (cache hit)
2590 http cache array-flatten@https://registry.npmjs.org/array-flatten/-/array-flatten-1.1.1.tgz 0ms (cache hit)
2591 http cache accepts@https://registry.npmjs.org/accepts/-/accepts-1.3.8.tgz 0ms (cache hit)
2592 http cache acorn-jsx@https://registry.npmjs.org/acorn-jsx/-/acorn-jsx-5.3.2.tgz 0ms (cache hit)
2593 http cache acorn@https://registry.npmjs.org/acorn/-/acorn-8.18.0.tgz 0ms (cache hit)
2594 http cache estraverse@https://registry.npmjs.org/estraverse/-/estraverse-5.3.0.tgz 0ms (cache hit)
2595 http cache esrecurse@https://registry.npmjs.org/esrecurse/-/esrecurse-4.3.0.tgz 0ms (cache hit)
2596 http cache which@https://registry.npmjs.org/which/-/which-2.0.2.tgz 0ms (cache hit)
2597 http cache shebang-command@https://registry.npmjs.org/shebang-command/-/shebang-command-2.0.0.tgz 0ms (cache hit)
2598 http cache path-key@https://registry.npmjs.org/path-key/-/path-key-3.1.1.tgz 0ms (cache hit)
2599 http cache uri-js@https://registry.npmjs.org/uri-js/-/uri-js-4.4.1.tgz 0ms (cache hit)
2600 http cache json-schema-traverse@https://registry.npmjs.org/json-schema-traverse/-/json-schema-traverse-0.4.1.tgz 0ms (cache hit)
2601 http cache fast-json-stable-stringify@https://registry.npmjs.org/fast-json-stable-stringify/-/fast-json-stable-stringify-2.1.0.tgz 0ms (cache hit)
2602 http cache @humanfs/types@https://registry.npmjs.org/@humanfs/types/-/types-0.15.0.tgz 0ms (cache hit)
2603 http cache @humanfs/core@https://registry.npmjs.org/@humanfs/core/-/core-0.19.2.tgz 0ms (cache hit)
2604 http cache levn@https://registry.npmjs.org/levn/-/levn-0.4.1.tgz 0ms (cache hit)
2605 http cache strip-json-comments@https://registry.npmjs.org/strip-json-comments/-/strip-json-comments-3.1.1.tgz 0ms (cache hit)
2606 http cache js-yaml@https://registry.npmjs.org/js-yaml/-/js-yaml-4.3.1.tgz 0ms (cache hit)
2607 http cache import-fresh@https://registry.npmjs.org/import-fresh/-/import-fresh-3.3.1.tgz 0ms (cache hit)
2608 http cache globals@https://registry.npmjs.org/globals/-/globals-14.0.0.tgz 0ms (cache hit)
2609 http cache @types/json-schema@https://registry.npmjs.org/@types/json-schema/-/json-schema-7.0.15.tgz 0ms (cache hit)
2610 http cache @eslint/object-schema@https://registry.npmjs.org/@eslint/object-schema/-/object-schema-2.1.7.tgz 0ms (cache hit)
2611 http cache optionator@https://registry.npmjs.org/optionator/-/optionator-0.9.4.tgz 0ms (cache hit)
2612 http cache natural-compare@https://registry.npmjs.org/natural-compare/-/natural-compare-1.4.0.tgz 0ms (cache hit)
2613 http cache minimatch@https://registry.npmjs.org/minimatch/-/minimatch-3.1.5.tgz 0ms (cache hit)
2614 http cache json-stable-stringify-without-jsonify@https://registry.npmjs.org/json-stable-stringify-without-jsonify/-/json-stable-stringify-without-jsonify-1.0.1.tgz 0ms (cache hit)
2615 http cache lodash.merge@https://registry.npmjs.org/lodash.merge/-/lodash.merge-4.6.2.tgz 0ms (cache hit)
2616 http cache is-glob@https://registry.npmjs.org/is-glob/-/is-glob-4.0.3.tgz 0ms (cache hit)
2617 http cache ignore@https://registry.npmjs.org/ignore/-/ignore-5.3.2.tgz 0ms (cache hit)
2618 http cache imurmurhash@https://registry.npmjs.org/imurmurhash/-/imurmurhash-0.1.4.tgz 0ms (cache hit)
2619 http cache glob-parent@https://registry.npmjs.org/glob-parent/-/glob-parent-6.0.2.tgz 0ms (cache hit)
2620 http cache find-up@https://registry.npmjs.org/find-up/-/find-up-5.0.0.tgz 1ms (cache hit)
2621 http cache file-entry-cache@https://registry.npmjs.org/file-entry-cache/-/file-entry-cache-8.0.0.tgz 0ms (cache hit)
2622 http cache fast-deep-equal@https://registry.npmjs.org/fast-deep-equal/-/fast-deep-equal-3.1.3.tgz 0ms (cache hit)
2623 http cache esquery@https://registry.npmjs.org/esquery/-/esquery-1.7.0.tgz 0ms (cache hit)
2624 http cache esutils@https://registry.npmjs.org/esutils/-/esutils-2.0.3.tgz 0ms (cache hit)
2625 http cache espree@https://registry.npmjs.org/espree/-/espree-10.4.0.tgz 0ms (cache hit)
2626 http cache eslint-scope@https://registry.npmjs.org/eslint-scope/-/eslint-scope-8.4.0.tgz 0ms (cache hit)
2627 http cache eslint-visitor-keys@https://registry.npmjs.org/eslint-visitor-keys/-/eslint-visitor-keys-4.2.1.tgz 0ms (cache hit)
2628 http cache escape-string-regexp@https://registry.npmjs.org/escape-string-regexp/-/escape-string-regexp-4.0.0.tgz 0ms (cache hit)
2629 http cache cross-spawn@https://registry.npmjs.org/cross-spawn/-/cross-spawn-7.0.6.tgz 1ms (cache hit)
2630 http cache ajv@https://registry.npmjs.org/ajv/-/ajv-6.15.0.tgz 0ms (cache hit)
2631 http cache @types/estree@https://registry.npmjs.org/@types/estree/-/estree-1.0.9.tgz 0ms (cache hit)
2632 http cache @humanwhocodes/retry@https://registry.npmjs.org/@humanwhocodes/retry/-/retry-0.4.3.tgz 0ms (cache hit)
2633 http cache @humanwhocodes/module-importer@https://registry.npmjs.org/@humanwhocodes/module-importer/-/module-importer-1.0.1.tgz 0ms (cache hit)
2634 http cache @humanfs/node@https://registry.npmjs.org/@humanfs/node/-/node-0.16.8.tgz 0ms (cache hit)
2635 http cache @eslint/eslintrc@https://registry.npmjs.org/@eslint/eslintrc/-/eslintrc-3.3.6.tgz 0ms (cache hit)
2636 http cache @eslint/plugin-kit@https://registry.npmjs.org/@eslint/plugin-kit/-/plugin-kit-0.4.1.tgz 0ms (cache hit)
2637 http cache @eslint/core@https://registry.npmjs.org/@eslint/core/-/core-0.17.0.tgz 0ms (cache hit)
2638 http cache @eslint/config-helpers@https://registry.npmjs.org/@eslint/config-helpers/-/config-helpers-0.4.2.tgz 0ms (cache hit)
2639 http cache @eslint/config-array@https://registry.npmjs.org/@eslint/config-array/-/config-array-0.21.2.tgz 0ms (cache hit)
2640 http cache @eslint-community/regexpp@https://registry.npmjs.org/@eslint-community/regexpp/-/regexpp-4.12.2.tgz 0ms (cache hit)
2641 http cache @eslint-community/eslint-utils@https://registry.npmjs.org/@eslint-community/eslint-utils/-/eslint-utils-4.10.1.tgz 0ms (cache hit)
2642 http cache ms@https://registry.npmjs.org/ms/-/ms-2.1.3.tgz 0ms (cache hit)
2643 http cache vary@https://registry.npmjs.org/vary/-/vary-1.1.2.tgz 0ms (cache hit)
2644 http cache update-browserslist-db@https://registry.npmjs.org/update-browserslist-db/-/update-browserslist-db-1.2.3.tgz 0ms (cache hit)
2645 http cache object-assign@https://registry.npmjs.org/object-assign/-/object-assign-4.1.1.tgz 0ms (cache hit)
2646 http cache node-releases@https://registry.npmjs.org/node-releases/-/node-releases-2.0.51.tgz 0ms (cache hit)
2647 http cache electron-to-chromium@https://registry.npmjs.org/electron-to-chromium/-/electron-to-chromium-1.5.399.tgz 0ms (cache hit)
2648 http cache baseline-browser-mapping@https://registry.npmjs.org/baseline-browser-mapping/-/baseline-browser-mapping-2.11.11.tgz 0ms (cache hit)
2649 http cache postcss-value-parser@https://registry.npmjs.org/postcss-value-parser/-/postcss-value-parser-4.2.0.tgz 0ms (cache hit)
2650 http cache fraction.js@https://registry.npmjs.org/fraction.js/-/fraction.js-5.3.4.tgz 0ms (cache hit)
2651 http cache @types/babel__traverse@https://registry.npmjs.org/@types/babel__traverse/-/babel__traverse-7.28.0.tgz 0ms (cache hit)
2652 http cache caniuse-lite@https://registry.npmjs.org/caniuse-lite/-/caniuse-lite-1.0.30001806.tgz 0ms (cache hit)
2653 http cache @jridgewell/resolve-uri@https://registry.npmjs.org/@jridgewell/resolve-uri/-/resolve-uri-3.1.2.tgz 0ms (cache hit)
2654 http cache @types/babel__generator@https://registry.npmjs.org/@types/babel__generator/-/babel__generator-7.27.0.tgz 0ms (cache hit)
2655 http cache @types/babel__template@https://registry.npmjs.org/@types/babel__template/-/babel__template-7.4.4.tgz 0ms (cache hit)
2656 http cache @jridgewell/sourcemap-codec@https://registry.npmjs.org/@jridgewell/sourcemap-codec/-/sourcemap-codec-1.5.5.tgz 0ms (cache hit)
2657 http cache @babel/helper-string-parser@https://registry.npmjs.org/@babel/helper-string-parser/-/helper-string-parser-7.29.7.tgz 0ms (cache hit)
2658 http cache @babel/helper-globals@https://registry.npmjs.org/@babel/helper-globals/-/helper-globals-7.29.7.tgz 0ms (cache hit)
2659 http cache @babel/helper-plugin-utils@https://registry.npmjs.org/@babel/helper-plugin-utils/-/helper-plugin-utils-7.29.7.tgz 0ms (cache hit)
2660 http cache @babel/helper-module-imports@https://registry.npmjs.org/@babel/helper-module-imports/-/helper-module-imports-7.29.7.tgz 0ms (cache hit)
2661 http cache lru-cache@https://registry.npmjs.org/lru-cache/-/lru-cache-5.1.1.tgz 0ms (cache hit)
2662 http cache browserslist@https://registry.npmjs.org/browserslist/-/browserslist-4.28.7.tgz 0ms (cache hit)
2663 http cache @babel/helper-validator-option@https://registry.npmjs.org/@babel/helper-validator-option/-/helper-validator-option-7.29.7.tgz 0ms (cache hit)
2664 http cache @babel/compat-data@https://registry.npmjs.org/@babel/compat-data/-/compat-data-7.29.7.tgz 0ms (cache hit)
2665 http cache jsesc@https://registry.npmjs.org/jsesc/-/jsesc-3.1.0.tgz 0ms (cache hit)
2666 http cache @jridgewell/trace-mapping@https://registry.npmjs.org/@jridgewell/trace-mapping/-/trace-mapping-0.3.31.tgz 0ms (cache hit)
2667 http cache @jridgewell/gen-mapping@https://registry.npmjs.org/@jridgewell/gen-mapping/-/gen-mapping-0.3.13.tgz 0ms (cache hit)
2668 http cache picocolors@https://registry.npmjs.org/picocolors/-/picocolors-1.1.1.tgz 0ms (cache hit)
2669 http cache js-tokens@https://registry.npmjs.org/js-tokens/-/js-tokens-4.0.0.tgz 0ms (cache hit)
2670 http cache @babel/helper-validator-identifier@https://registry.npmjs.org/@babel/helper-validator-identifier/-/helper-validator-identifier-7.29.7.tgz 0ms (cache hit)
2671 http cache semver@https://registry.npmjs.org/semver/-/semver-6.3.1.tgz 0ms (cache hit)
2672 http cache json5@https://registry.npmjs.org/json5/-/json5-2.2.3.tgz 0ms (cache hit)
2673 http cache gensync@https://registry.npmjs.org/gensync/-/gensync-1.0.0-beta.2.tgz 0ms (cache hit)
2674 http cache debug@https://registry.npmjs.org/debug/-/debug-4.4.3.tgz 0ms (cache hit)
2675 http cache convert-source-map@https://registry.npmjs.org/convert-source-map/-/convert-source-map-2.0.0.tgz 0ms (cache hit)
2676 http cache @jridgewell/remapping@https://registry.npmjs.org/@jridgewell/remapping/-/remapping-2.3.5.tgz 0ms (cache hit)
2677 http cache @babel/types@https://registry.npmjs.org/@babel/types/-/types-7.29.8.tgz 0ms (cache hit)
2678 http cache @babel/traverse@https://registry.npmjs.org/@babel/traverse/-/traverse-7.29.8.tgz 0ms (cache hit)
2679 http cache @babel/template@https://registry.npmjs.org/@babel/template/-/template-7.29.7.tgz 0ms (cache hit)
2680 http cache @babel/parser@https://registry.npmjs.org/@babel/parser/-/parser-7.29.8.tgz 0ms (cache hit)
2681 http cache @babel/helpers@https://registry.npmjs.org/@babel/helpers/-/helpers-7.29.7.tgz 0ms (cache hit)
2682 http cache @babel/helper-module-transforms@https://registry.npmjs.org/@babel/helper-module-transforms/-/helper-module-transforms-7.29.7.tgz 0ms (cache hit)
2683 http cache @babel/helper-compilation-targets@https://registry.npmjs.org/@babel/helper-compilation-targets/-/helper-compilation-targets-7.29.7.tgz 0ms (cache hit)
2684 http cache @babel/code-frame@https://registry.npmjs.org/@babel/code-frame/-/code-frame-7.29.7.tgz 0ms (cache hit)
2685 http cache react-refresh@https://registry.npmjs.org/react-refresh/-/react-refresh-0.17.0.tgz 0ms (cache hit)
2686 http cache @babel/generator@https://registry.npmjs.org/@babel/generator/-/generator-7.29.8.tgz 0ms (cache hit)
2687 http cache @types/babel__core@https://registry.npmjs.org/@types/babel__core/-/babel__core-7.20.5.tgz 0ms (cache hit)
2688 http cache @rolldown/pluginutils@https://registry.npmjs.org/@rolldown/pluginutils/-/pluginutils-1.0.0-beta.27.tgz 0ms (cache hit)
2689 http cache @babel/plugin-transform-react-jsx-source@https://registry.npmjs.org/@babel/plugin-transform-react-jsx-source/-/plugin-transform-react-jsx-source-7.29.7.tgz 0ms (cache hit)
2690 http cache @types/http-errors@https://registry.npmjs.org/@types/http-errors/-/http-errors-2.0.5.tgz 0ms (cache hit)
2691 http cache @babel/core@https://registry.npmjs.org/@babel/core/-/core-7.29.7.tgz 0ms (cache hit)
2692 http cache @babel/plugin-transform-react-jsx-self@https://registry.npmjs.org/@babel/plugin-transform-react-jsx-self/-/plugin-transform-react-jsx-self-7.29.7.tgz 0ms (cache hit)
2693 http cache @types/send@https://registry.npmjs.org/@types/send/-/send-1.2.1.tgz 0ms (cache hit)
2694 http cache undici-types@https://registry.npmjs.org/undici-types/-/undici-types-8.3.0.tgz 0ms (cache hit)
2695 http cache csstype@https://registry.npmjs.org/csstype/-/csstype-3.2.3.tgz 0ms (cache hit)
2696 http cache @types/range-parser@https://registry.npmjs.org/@types/range-parser/-/range-parser-1.2.7.tgz 0ms (cache hit)
2697 http cache @types/qs@https://registry.npmjs.org/@types/qs/-/qs-6.15.1.tgz 0ms (cache hit)
2698 http cache @types/connect@https://registry.npmjs.org/@types/connect/-/connect-3.4.38.tgz 0ms (cache hit)
2699 http cache @types/express-serve-static-core@https://registry.npmjs.org/@types/express-serve-static-core/-/express-serve-static-core-5.1.3.tgz 0ms (cache hit)
2700 http cache @types/serve-static@https://registry.npmjs.org/@types/serve-static/-/serve-static-2.2.0.tgz 0ms (cache hit)
2701 http cache @types/body-parser@https://registry.npmjs.org/@types/body-parser/-/body-parser-1.19.6.tgz 0ms (cache hit)
2702 http cache @tanstack/query-core@https://registry.npmjs.org/@tanstack/query-core/-/query-core-5.101.4.tgz 0ms (cache hit)
2703 http cache @types/node@https://registry.npmjs.org/@types/node/-/node-26.1.2.tgz 0ms (cache hit)
2704 http cache iceberg-js@https://registry.npmjs.org/iceberg-js/-/iceberg-js-0.8.1.tgz 0ms (cache hit)
2705 http cache @supabase/phoenix@https://registry.npmjs.org/@supabase/phoenix/-/phoenix-0.4.5.tgz 0ms (cache hit)
2706 http cache @supabase/storage-js@https://registry.npmjs.org/@supabase/storage-js/-/storage-js-2.111.0.tgz 0ms (cache hit)
2707 http cache @supabase/postgrest-js@https://registry.npmjs.org/@supabase/postgrest-js/-/postgrest-js-2.111.0.tgz 0ms (cache hit)
2708 http cache @supabase/realtime-js@https://registry.npmjs.org/@supabase/realtime-js/-/realtime-js-2.111.0.tgz 0ms (cache hit)
2709 http cache @supabase/functions-js@https://registry.npmjs.org/@supabase/functions-js/-/functions-js-2.111.0.tgz 0ms (cache hit)
2710 http cache @supabase/auth-js@https://registry.npmjs.org/@supabase/auth-js/-/auth-js-2.111.0.tgz 0ms (cache hit)
2711 http cache zod@https://registry.npmjs.org/zod/-/zod-3.25.76.tgz 0ms (cache hit)
2712 http cache tsx@https://registry.npmjs.org/tsx/-/tsx-4.23.4.tgz 0ms (cache hit)
2713 http cache morgan@https://registry.npmjs.org/morgan/-/morgan-1.11.0.tgz 0ms (cache hit)
2714 http cache motion-dom@https://registry.npmjs.org/motion-dom/-/motion-dom-12.43.0.tgz 0ms (cache hit)
2715 http cache helmet@https://registry.npmjs.org/helmet/-/helmet-8.3.0.tgz 0ms (cache hit)
2716 http cache express@https://registry.npmjs.org/express/-/express-4.22.2.tgz 0ms (cache hit)
2717 http cache dotenv@https://registry.npmjs.org/dotenv/-/dotenv-16.6.1.tgz 0ms (cache hit)
2718 http cache express-rate-limit@https://registry.npmjs.org/express-rate-limit/-/express-rate-limit-7.5.1.tgz 0ms (cache hit)
2719 http cache cors@https://registry.npmjs.org/cors/-/cors-2.8.6.tgz 0ms (cache hit)
2720 http cache @types/morgan@https://registry.npmjs.org/@types/morgan/-/morgan-1.9.10.tgz 0ms (cache hit)
2721 http cache @types/express@https://registry.npmjs.org/@types/express/-/express-5.0.6.tgz 0ms (cache hit)
2722 http cache typescript-eslint@https://registry.npmjs.org/typescript-eslint/-/typescript-eslint-8.65.0.tgz 1ms (cache hit)
2723 http cache @types/cors@https://registry.npmjs.org/@types/cors/-/cors-2.8.19.tgz 0ms (cache hit)
2724 http cache typescript@https://registry.npmjs.org/typescript/-/typescript-5.7.3.tgz 0ms (cache hit)
2725 http cache react-router-dom@https://registry.npmjs.org/react-router-dom/-/react-router-dom-7.18.2.tgz 0ms (cache hit)
2726 http cache tailwindcss@https://registry.npmjs.org/tailwindcss/-/tailwindcss-3.4.19.tgz 0ms (cache hit)
2727 http cache lucide-react@https://registry.npmjs.org/lucide-react/-/lucide-react-0.475.0.tgz 0ms (cache hit)
2728 http cache framer-motion@https://registry.npmjs.org/framer-motion/-/framer-motion-12.43.0.tgz 0ms (cache hit)
2729 http cache eslint@https://registry.npmjs.org/eslint/-/eslint-9.39.5.tgz 0ms (cache hit)
2730 http cache postcss@https://registry.npmjs.org/postcss/-/postcss-8.5.25.tgz 0ms (cache hit)
2731 http cache autoprefixer@https://registry.npmjs.org/autoprefixer/-/autoprefixer-10.5.4.tgz 0ms (cache hit)
2732 http cache vite@https://registry.npmjs.org/vite/-/vite-6.4.3.tgz 0ms (cache hit)
2733 http cache @vitejs/plugin-react@https://registry.npmjs.org/@vitejs/plugin-react/-/plugin-react-4.7.0.tgz 0ms (cache hit)
2734 http cache @types/react-dom@https://registry.npmjs.org/@types/react-dom/-/react-dom-19.2.4.tgz 0ms (cache hit)
2735 http cache @types/react@https://registry.npmjs.org/@types/react/-/react-19.2.18.tgz 0ms (cache hit)
2736 http cache @tanstack/react-query@https://registry.npmjs.org/@tanstack/react-query/-/react-query-5.101.4.tgz 0ms (cache hit)
2737 http cache react@https://registry.npmjs.org/react/-/react-19.2.8.tgz 0ms (cache hit)
2738 http cache @supabase/supabase-js@https://registry.npmjs.org/@supabase/supabase-js/-/supabase-js-2.111.0.tgz 0ms (cache hit)
2739 http cache @eslint/js@https://registry.npmjs.org/@eslint/js/-/js-9.39.5.tgz 0ms (cache hit)
2740 http cache ansi-regex@https://registry.npmjs.org/ansi-regex/-/ansi-regex-5.0.1.tgz 0ms (cache hit)
2741 http cache is-fullwidth-code-point@https://registry.npmjs.org/is-fullwidth-code-point/-/is-fullwidth-code-point-3.0.0.tgz 0ms (cache hit)
2742 http cache emoji-regex@https://registry.npmjs.org/emoji-regex/-/emoji-regex-8.0.0.tgz 0ms (cache hit)
2743 http cache wrap-ansi@https://registry.npmjs.org/wrap-ansi/-/wrap-ansi-7.0.0.tgz 1ms (cache hit)
2744 http cache strip-ansi@https://registry.npmjs.org/strip-ansi/-/strip-ansi-6.0.1.tgz 0ms (cache hit)
2745 http cache yargs-parser@https://registry.npmjs.org/yargs-parser/-/yargs-parser-21.1.1.tgz 0ms (cache hit)
2746 http cache y18n@https://registry.npmjs.org/y18n/-/y18n-5.0.8.tgz 0ms (cache hit)
2747 http cache string-width@https://registry.npmjs.org/string-width/-/string-width-4.2.3.tgz 0ms (cache hit)
2748 http cache get-caller-file@https://registry.npmjs.org/get-caller-file/-/get-caller-file-2.0.5.tgz 0ms (cache hit)
2749 http cache require-directory@https://registry.npmjs.org/require-directory/-/require-directory-2.1.1.tgz 0ms (cache hit)
2750 http cache escalade@https://registry.npmjs.org/escalade/-/escalade-3.2.0.tgz 0ms (cache hit)
2751 http cache cliui@https://registry.npmjs.org/cliui/-/cliui-8.0.1.tgz 0ms (cache hit)
2752 http cache has-flag@https://registry.npmjs.org/has-flag/-/has-flag-4.0.0.tgz 0ms (cache hit)
2753 http cache tslib@https://registry.npmjs.org/tslib/-/tslib-2.8.1.tgz 0ms (cache hit)
2754 http cache color-name@https://registry.npmjs.org/color-name/-/color-name-1.1.4.tgz 0ms (cache hit)
2755 http cache color-convert@https://registry.npmjs.org/color-convert/-/color-convert-2.0.1.tgz 0ms (cache hit)
2756 http cache ansi-styles@https://registry.npmjs.org/ansi-styles/-/ansi-styles-4.3.0.tgz 0ms (cache hit)
2757 http cache yargs@https://registry.npmjs.org/yargs/-/yargs-17.7.2.tgz 0ms (cache hit)
2758 http cache tree-kill@https://registry.npmjs.org/tree-kill/-/tree-kill-1.2.2.tgz 0ms (cache hit)
2759 http cache supports-color@https://registry.npmjs.org/supports-color/-/supports-color-8.1.1.tgz 0ms (cache hit)
2760 http cache shell-quote@https://registry.npmjs.org/shell-quote/-/shell-quote-1.9.0.tgz 0ms (cache hit)
2761 http cache rxjs@https://registry.npmjs.org/rxjs/-/rxjs-7.8.2.tgz 0ms (cache hit)
2762 http cache chalk@https://registry.npmjs.org/chalk/-/chalk-4.1.2.tgz 0ms (cache hit)
2763 http cache prettier@https://registry.npmjs.org/prettier/-/prettier-3.9.6.tgz 0ms (cache hit)
2764 http cache husky@https://registry.npmjs.org/husky/-/husky-9.1.7.tgz 0ms (cache hit)
2765 http cache concurrently@https://registry.npmjs.org/concurrently/-/concurrently-9.2.4.tgz 0ms (cache hit)
2766 http cache eslint-visitor-keys@https://registry.npmjs.org/eslint-visitor-keys/-/eslint-visitor-keys-5.0.1.tgz 0ms (cache hit)
2767 http cache balanced-match@https://registry.npmjs.org/balanced-match/-/balanced-match-4.0.4.tgz 0ms (cache hit)
2768 http cache brace-expansion@https://registry.npmjs.org/brace-expansion/-/brace-expansion-5.0.9.tgz 0ms (cache hit)
2769 http cache semver@https://registry.npmjs.org/semver/-/semver-7.8.5.tgz 0ms (cache hit)
2770 http cache minimatch@https://registry.npmjs.org/minimatch/-/minimatch-10.2.6.tgz 0ms (cache hit)
2771 http cache picomatch@https://registry.npmjs.org/picomatch/-/picomatch-4.0.5.tgz 0ms (cache hit)
2772 http cache ignore@https://registry.npmjs.org/ignore/-/ignore-7.0.6.tgz 0ms (cache hit)
2773 http cache fdir@https://registry.npmjs.org/fdir/-/fdir-6.5.0.tgz 0ms (cache hit)
2774 http cache glob-parent@https://registry.npmjs.org/glob-parent/-/glob-parent-5.1.2.tgz 0ms (cache hit)
2775 http cache glob-parent@https://registry.npmjs.org/glob-parent/-/glob-parent-5.1.2.tgz 0ms (cache hit)
2776 http cache cookie@https://registry.npmjs.org/cookie/-/cookie-1.1.1.tgz 0ms (cache hit)
2777 http cache safe-buffer@https://registry.npmjs.org/safe-buffer/-/safe-buffer-5.1.2.tgz 0ms (cache hit)
2778 http cache debug@https://registry.npmjs.org/debug/-/debug-2.6.9.tgz 0ms (cache hit)
2779 http cache ms@https://registry.npmjs.org/ms/-/ms-2.0.0.tgz 0ms (cache hit)
2780 http cache ms@https://registry.npmjs.org/ms/-/ms-2.0.0.tgz 0ms (cache hit)
2781 http cache ms@https://registry.npmjs.org/ms/-/ms-2.0.0.tgz 0ms (cache hit)
2782 http cache debug@https://registry.npmjs.org/debug/-/debug-2.6.9.tgz 0ms (cache hit)
2783 http cache debug@https://registry.npmjs.org/debug/-/debug-2.6.9.tgz 0ms (cache hit)
2784 http cache eslint-visitor-keys@https://registry.npmjs.org/eslint-visitor-keys/-/eslint-visitor-keys-3.4.3.tgz 0ms (cache hit)
2785 http cache ms@https://registry.npmjs.org/ms/-/ms-2.0.0.tgz 0ms (cache hit)
2786 http cache debug@https://registry.npmjs.org/debug/-/debug-2.6.9.tgz 0ms (cache hit)
2787 http cache ms@https://registry.npmjs.org/ms/-/ms-2.0.0.tgz 0ms (cache hit)
2788 http cache debug@https://registry.npmjs.org/debug/-/debug-2.6.9.tgz 0ms (cache hit)
2789 http cache picomatch@https://registry.npmjs.org/picomatch/-/picomatch-4.0.5.tgz 0ms (cache hit)
2790 http cache @esbuild/win32-x64@https://registry.npmjs.org/@esbuild/win32-x64/-/win32-x64-0.25.12.tgz 0ms (cache hit)
2791 http cache fdir@https://registry.npmjs.org/fdir/-/fdir-6.5.0.tgz 0ms (cache hit)
2792 http cache supports-color@https://registry.npmjs.org/supports-color/-/supports-color-7.2.0.tgz 0ms (cache hit)
2793 http cache esbuild@https://registry.npmjs.org/esbuild/-/esbuild-0.25.12.tgz 0ms (cache hit)
2794 http cache react-dom@https://registry.npmjs.org/react-dom/-/react-dom-19.2.8.tgz 0ms (cache hit)
2795 silly tarball no local data for @rollup/rollup-win32-x64-gnu@https://registry.npmjs.org/@rollup/rollup-win32-x64-gnu/-/rollup-win32-x64-gnu-4.62.4.tgz. Extracting by manifest.
2796 silly tarball no local data for isexe@https://registry.npmjs.org/isexe/-/isexe-2.0.0.tgz. Extracting by manifest.
2797 silly tarball no local data for rollup@https://registry.npmjs.org/rollup/-/rollup-4.62.4.tgz. Extracting by manifest.
2798 silly tarball no local data for ts-api-utils@https://registry.npmjs.org/ts-api-utils/-/ts-api-utils-2.5.0.tgz. Extracting by manifest.
2799 silly tarball no local data for @typescript-eslint/project-service@https://registry.npmjs.org/@typescript-eslint/project-service/-/project-service-8.65.0.tgz. Extracting by manifest.
2800 silly tarball no local data for @rollup/rollup-win32-x64-msvc@https://registry.npmjs.org/@rollup/rollup-win32-x64-msvc/-/rollup-win32-x64-msvc-4.62.4.tgz. Extracting by manifest.
2801 silly tarball no local data for @typescript-eslint/types@https://registry.npmjs.org/@typescript-eslint/types/-/types-8.65.0.tgz. Extracting by manifest.
2802 silly tarball no local data for @typescript-eslint/visitor-keys@https://registry.npmjs.org/@typescript-eslint/visitor-keys/-/visitor-keys-8.65.0.tgz. Extracting by manifest.
2803 silly tarball no local data for @typescript-eslint/type-utils@https://registry.npmjs.org/@typescript-eslint/type-utils/-/type-utils-8.65.0.tgz. Extracting by manifest.
2804 silly tarball no local data for @typescript-eslint/scope-manager@https://registry.npmjs.org/@typescript-eslint/scope-manager/-/scope-manager-8.65.0.tgz. Extracting by manifest.
2805 silly tarball no local data for @typescript-eslint/utils@https://registry.npmjs.org/@typescript-eslint/utils/-/utils-8.65.0.tgz. Extracting by manifest.
2806 silly tarball no local data for @typescript-eslint/parser@https://registry.npmjs.org/@typescript-eslint/parser/-/parser-8.65.0.tgz. Extracting by manifest.
2807 silly tarball no local data for @typescript-eslint/typescript-estree@https://registry.npmjs.org/@typescript-eslint/typescript-estree/-/typescript-estree-8.65.0.tgz. Extracting by manifest.
2808 silly tarball no local data for media-typer@https://registry.npmjs.org/media-typer/-/media-typer-0.3.0.tgz. Extracting by manifest.
2809 silly tarball no local data for punycode@https://registry.npmjs.org/punycode/-/punycode-2.3.1.tgz. Extracting by manifest.
2810 silly tarball no local data for @typescript-eslint/eslint-plugin@https://registry.npmjs.org/@typescript-eslint/eslint-plugin/-/eslint-plugin-8.65.0.tgz. Extracting by manifest.
2811 silly tarball no local data for is-number@https://registry.npmjs.org/is-number/-/is-number-7.0.0.tgz. Extracting by manifest.
2812 silly tarball no local data for esbuild@https://registry.npmjs.org/esbuild/-/esbuild-0.28.1.tgz. Extracting by manifest.
2813 silly tarball no local data for @esbuild/win32-x64@https://registry.npmjs.org/@esbuild/win32-x64/-/win32-x64-0.28.1.tgz. Extracting by manifest.
2814 silly tarball no local data for thenify@https://registry.npmjs.org/thenify/-/thenify-3.3.1.tgz. Extracting by manifest.
2815 silly tarball no local data for ts-interface-checker@https://registry.npmjs.org/ts-interface-checker/-/ts-interface-checker-0.1.13.tgz. Extracting by manifest.
2816 silly tarball no local data for any-promise@https://registry.npmjs.org/any-promise/-/any-promise-1.3.0.tgz. Extracting by manifest.
2817 silly tarball no local data for thenify-all@https://registry.npmjs.org/thenify-all/-/thenify-all-1.6.0.tgz. Extracting by manifest.
2818 silly tarball no local data for pirates@https://registry.npmjs.org/pirates/-/pirates-4.0.7.tgz. Extracting by manifest.
2819 silly tarball no local data for tinyglobby@https://registry.npmjs.org/tinyglobby/-/tinyglobby-0.2.17.tgz. Extracting by manifest.
2820 silly tarball no local data for mz@https://registry.npmjs.org/mz/-/mz-2.7.0.tgz. Extracting by manifest.
2821 silly tarball no local data for commander@https://registry.npmjs.org/commander/-/commander-4.1.1.tgz. Extracting by manifest.
2822 silly tarball no local data for queue-microtask@https://registry.npmjs.org/queue-microtask/-/queue-microtask-1.2.3.tgz. Extracting by manifest.
2823 silly tarball no local data for supports-preserve-symlinks-flag@https://registry.npmjs.org/supports-preserve-symlinks-flag/-/supports-preserve-symlinks-flag-1.0.0.tgz. Extracting by manifest.
2824 silly tarball no local data for lines-and-columns@https://registry.npmjs.org/lines-and-columns/-/lines-and-columns-1.2.4.tgz. Extracting by manifest.
2825 silly tarball no local data for @typescript-eslint/tsconfig-utils@https://registry.npmjs.org/@typescript-eslint/tsconfig-utils/-/tsconfig-utils-8.65.0.tgz. Extracting by manifest.
2826 silly tarball no local data for path-parse@https://registry.npmjs.org/path-parse/-/path-parse-1.0.7.tgz. Extracting by manifest.
2827 silly tarball no local data for is-core-module@https://registry.npmjs.org/is-core-module/-/is-core-module-2.16.2.tgz. Extracting by manifest.
2828 silly tarball no local data for pify@https://registry.npmjs.org/pify/-/pify-2.3.0.tgz. Extracting by manifest.
2829 silly tarball no local data for util-deprecate@https://registry.npmjs.org/util-deprecate/-/util-deprecate-1.0.2.tgz. Extracting by manifest.
2830 silly tarball no local data for cssesc@https://registry.npmjs.org/cssesc/-/cssesc-3.0.0.tgz. Extracting by manifest.
2831 silly tarball no local data for camelcase-css@https://registry.npmjs.org/camelcase-css/-/camelcase-css-2.0.1.tgz. Extracting by manifest.
2832 silly tarball no local data for binary-extensions@https://registry.npmjs.org/binary-extensions/-/binary-extensions-2.3.0.tgz. Extracting by manifest.
2833 silly tarball no local data for read-cache@https://registry.npmjs.org/read-cache/-/read-cache-1.0.0.tgz. Extracting by manifest.
2834 silly tarball no local data for to-regex-range@https://registry.npmjs.org/to-regex-range/-/to-regex-range-5.0.1.tgz. Extracting by manifest.
2835 silly tarball no local data for run-parallel@https://registry.npmjs.org/run-parallel/-/run-parallel-1.2.0.tgz. Extracting by manifest.
2836 silly tarball no local data for reusify@https://registry.npmjs.org/reusify/-/reusify-1.1.0.tgz. Extracting by manifest.
2837 silly tarball no local data for @nodelib/fs.scandir@https://registry.npmjs.org/@nodelib/fs.scandir/-/fs.scandir-2.1.5.tgz. Extracting by manifest.
2838 silly tarball no local data for fastq@https://registry.npmjs.org/fastq/-/fastq-1.20.1.tgz. Extracting by manifest.
2839 silly tarball no local data for @nodelib/fs.walk@https://registry.npmjs.org/@nodelib/fs.walk/-/fs.walk-1.2.8.tgz. Extracting by manifest.
2840 silly tarball no local data for fill-range@https://registry.npmjs.org/fill-range/-/fill-range-7.1.1.tgz. Extracting by manifest.
2841 silly tarball no local data for @nodelib/fs.stat@https://registry.npmjs.org/@nodelib/fs.stat/-/fs.stat-2.0.5.tgz. Extracting by manifest.
2842 silly tarball no local data for picomatch@https://registry.npmjs.org/picomatch/-/picomatch-2.3.2.tgz. Extracting by manifest.
2843 silly tarball no local data for readdirp@https://registry.npmjs.org/readdirp/-/readdirp-3.6.0.tgz. Extracting by manifest.
2844 silly tarball no local data for braces@https://registry.npmjs.org/braces/-/braces-3.0.3.tgz. Extracting by manifest.
2845 silly tarball no local data for is-binary-path@https://registry.npmjs.org/is-binary-path/-/is-binary-path-2.1.0.tgz. Extracting by manifest.
2846 silly tarball no local data for anymatch@https://registry.npmjs.org/anymatch/-/anymatch-3.1.3.tgz. Extracting by manifest.
2847 silly tarball no local data for sucrase@https://registry.npmjs.org/sucrase/-/sucrase-3.35.1.tgz. Extracting by manifest.
2848 silly tarball no local data for resolve@https://registry.npmjs.org/resolve/-/resolve-1.22.12.tgz. Extracting by manifest.
2849 silly tarball no local data for postcss-selector-parser@https://registry.npmjs.org/postcss-selector-parser/-/postcss-selector-parser-6.1.4.tgz. Extracting by manifest.
2850 silly tarball no local data for postcss-nested@https://registry.npmjs.org/postcss-nested/-/postcss-nested-6.2.0.tgz. Extracting by manifest.
2851 silly tarball no local data for postcss-load-config@https://registry.npmjs.org/postcss-load-config/-/postcss-load-config-6.0.1.tgz. Extracting by manifest.
2852 silly tarball no local data for postcss-js@https://registry.npmjs.org/postcss-js/-/postcss-js-4.1.0.tgz. Extracting by manifest.
2853 silly tarball no local data for postcss-import@https://registry.npmjs.org/postcss-import/-/postcss-import-15.1.0.tgz. Extracting by manifest.
2854 silly tarball no local data for object-hash@https://registry.npmjs.org/object-hash/-/object-hash-3.0.0.tgz. Extracting by manifest.
2855 silly tarball no local data for micromatch@https://registry.npmjs.org/micromatch/-/micromatch-4.0.8.tgz. Extracting by manifest.
2856 silly tarball no local data for lilconfig@https://registry.npmjs.org/lilconfig/-/lilconfig-3.1.3.tgz. Extracting by manifest.
2857 silly tarball no local data for jiti@https://registry.npmjs.org/jiti/-/jiti-1.21.7.tgz. Extracting by manifest.
2858 silly tarball no local data for normalize-path@https://registry.npmjs.org/normalize-path/-/normalize-path-3.0.0.tgz. Extracting by manifest.
2859 silly tarball no local data for merge2@https://registry.npmjs.org/merge2/-/merge2-1.4.1.tgz. Extracting by manifest.
2860 silly tarball no local data for dlv@https://registry.npmjs.org/dlv/-/dlv-1.1.3.tgz. Extracting by manifest.
2861 silly tarball no local data for fast-glob@https://registry.npmjs.org/fast-glob/-/fast-glob-3.3.3.tgz. Extracting by manifest.
2862 silly tarball no local data for didyoumean@https://registry.npmjs.org/didyoumean/-/didyoumean-1.2.2.tgz. Extracting by manifest.
2863 silly tarball no local data for chokidar@https://registry.npmjs.org/chokidar/-/chokidar-3.6.0.tgz. Extracting by manifest.
2864 silly tarball no local data for @alloc/quick-lru@https://registry.npmjs.org/@alloc/quick-lru/-/quick-lru-5.2.0.tgz. Extracting by manifest.
2865 silly tarball no local data for arg@https://registry.npmjs.org/arg/-/arg-5.0.2.tgz. Extracting by manifest.
2866 silly tarball no local data for hasown@https://registry.npmjs.org/hasown/-/hasown-2.0.4.tgz. Extracting by manifest.
2867 silly tarball no local data for dunder-proto@https://registry.npmjs.org/dunder-proto/-/dunder-proto-1.0.1.tgz. Extracting by manifest.
2868 silly tarball no local data for math-intrinsics@https://registry.npmjs.org/math-intrinsics/-/math-intrinsics-1.1.0.tgz. Extracting by manifest.
2869 silly tarball no local data for has-symbols@https://registry.npmjs.org/has-symbols/-/has-symbols-1.1.0.tgz. Extracting by manifest.
2870 silly tarball no local data for get-proto@https://registry.npmjs.org/get-proto/-/get-proto-1.0.1.tgz. Extracting by manifest.
2871 silly tarball no local data for gopd@https://registry.npmjs.org/gopd/-/gopd-1.2.0.tgz. Extracting by manifest.
2872 silly tarball no local data for es-object-atoms@https://registry.npmjs.org/es-object-atoms/-/es-object-atoms-1.1.2.tgz. Extracting by manifest.
2873 silly tarball no local data for function-bind@https://registry.npmjs.org/function-bind/-/function-bind-1.1.2.tgz. Extracting by manifest.
2874 silly tarball no local data for get-intrinsic@https://registry.npmjs.org/get-intrinsic/-/get-intrinsic-1.3.0.tgz. Extracting by manifest.
2875 silly tarball no local data for call-bind-apply-helpers@https://registry.npmjs.org/call-bind-apply-helpers/-/call-bind-apply-helpers-1.0.2.tgz. Extracting by manifest.
2876 silly tarball no local data for call-bound@https://registry.npmjs.org/call-bound/-/call-bound-1.0.4.tgz. Extracting by manifest.
2877 silly tarball no local data for side-channel-weakmap@https://registry.npmjs.org/side-channel-weakmap/-/side-channel-weakmap-1.0.2.tgz. Extracting by manifest.
2878 silly tarball no local data for side-channel-map@https://registry.npmjs.org/side-channel-map/-/side-channel-map-1.0.1.tgz. Extracting by manifest.
2879 silly tarball no local data for object-inspect@https://registry.npmjs.org/object-inspect/-/object-inspect-1.13.4.tgz. Extracting by manifest.
2880 silly tarball no local data for side-channel-list@https://registry.npmjs.org/side-channel-list/-/side-channel-list-1.0.1.tgz. Extracting by manifest.
2881 silly tarball no local data for es-errors@https://registry.npmjs.org/es-errors/-/es-errors-1.3.0.tgz. Extracting by manifest.
2882 silly tarball no local data for set-cookie-parser@https://registry.npmjs.org/set-cookie-parser/-/set-cookie-parser-2.7.2.tgz. Extracting by manifest.
2883 silly tarball no local data for mime@https://registry.npmjs.org/mime/-/mime-1.6.0.tgz. Extracting by manifest.
2884 silly tarball no local data for react-router@https://registry.npmjs.org/react-router/-/react-router-7.18.2.tgz. Extracting by manifest.
2885 silly tarball no local data for side-channel@https://registry.npmjs.org/side-channel/-/side-channel-1.1.1.tgz. Extracting by manifest.
2886 silly tarball no local data for scheduler@https://registry.npmjs.org/scheduler/-/scheduler-0.27.0.tgz. Extracting by manifest.
2887 silly tarball no local data for es-define-property@https://registry.npmjs.org/es-define-property/-/es-define-property-1.0.1.tgz. Extracting by manifest.
2888 silly tarball no local data for forwarded@https://registry.npmjs.org/forwarded/-/forwarded-0.2.0.tgz. Extracting by manifest.
2889 silly tarball no local data for ipaddr.js@https://registry.npmjs.org/ipaddr.js/-/ipaddr.js-1.9.1.tgz. Extracting by manifest.
2890 silly tarball no local data for source-map-js@https://registry.npmjs.org/source-map-js/-/source-map-js-1.2.1.tgz. Extracting by manifest.
2891 silly tarball no local data for callsites@https://registry.npmjs.org/callsites/-/callsites-3.1.0.tgz. Extracting by manifest.
2892 silly tarball no local data for nanoid@https://registry.npmjs.org/nanoid/-/nanoid-3.3.16.tgz. Extracting by manifest.
2893 silly tarball no local data for yocto-queue@https://registry.npmjs.org/yocto-queue/-/yocto-queue-0.1.0.tgz. Extracting by manifest.
2894 silly tarball no local data for p-limit@https://registry.npmjs.org/p-limit/-/p-limit-3.1.0.tgz. Extracting by manifest.
2895 silly tarball no local data for word-wrap@https://registry.npmjs.org/word-wrap/-/word-wrap-1.2.5.tgz. Extracting by manifest.
2896 silly tarball no local data for fast-levenshtein@https://registry.npmjs.org/fast-levenshtein/-/fast-levenshtein-2.0.6.tgz. Extracting by manifest.
2897 silly tarball no local data for ee-first@https://registry.npmjs.org/ee-first/-/ee-first-1.1.1.tgz. Extracting by manifest.
2898 silly tarball no local data for deep-is@https://registry.npmjs.org/deep-is/-/deep-is-0.1.4.tgz. Extracting by manifest.
2899 silly tarball no local data for on-headers@https://registry.npmjs.org/on-headers/-/on-headers-1.1.0.tgz. Extracting by manifest.
2900 silly tarball no local data for concat-map@https://registry.npmjs.org/concat-map/-/concat-map-0.0.1.tgz. Extracting by manifest.
2901 silly tarball no local data for basic-auth@https://registry.npmjs.org/basic-auth/-/basic-auth-2.0.1.tgz. Extracting by manifest.
2902 silly tarball no local data for balanced-match@https://registry.npmjs.org/balanced-match/-/balanced-match-1.0.2.tgz. Extracting by manifest.
2903 silly tarball no local data for brace-expansion@https://registry.npmjs.org/brace-expansion/-/brace-expansion-1.1.18.tgz. Extracting by manifest.
2904 silly tarball no local data for mime-db@https://registry.npmjs.org/mime-db/-/mime-db-1.52.0.tgz. Extracting by manifest.
2905 silly tarball no local data for yallist@https://registry.npmjs.org/yallist/-/yallist-3.1.1.tgz. Extracting by manifest.
2906 silly tarball no local data for p-locate@https://registry.npmjs.org/p-locate/-/p-locate-5.0.0.tgz. Extracting by manifest.
2907 silly tarball no local data for type-check@https://registry.npmjs.org/type-check/-/type-check-0.4.0.tgz. Extracting by manifest.
2908 silly tarball no local data for prelude-ls@https://registry.npmjs.org/prelude-ls/-/prelude-ls-1.2.1.tgz. Extracting by manifest.
2909 silly tarball no local data for json-buffer@https://registry.npmjs.org/json-buffer/-/json-buffer-3.0.1.tgz. Extracting by manifest.
2910 silly tarball no local data for is-extglob@https://registry.npmjs.org/is-extglob/-/is-extglob-2.1.1.tgz. Extracting by manifest.
2911 silly tarball no local data for resolve-from@https://registry.npmjs.org/resolve-from/-/resolve-from-4.0.0.tgz. Extracting by manifest.
2912 silly tarball no local data for argparse@https://registry.npmjs.org/argparse/-/argparse-2.0.1.tgz. Extracting by manifest.
2913 silly tarball no local data for parent-module@https://registry.npmjs.org/parent-module/-/parent-module-1.0.1.tgz. Extracting by manifest.
2914 silly tarball no local data for safer-buffer@https://registry.npmjs.org/safer-buffer/-/safer-buffer-2.1.2.tgz. Extracting by manifest.
2915 silly tarball no local data for toidentifier@https://registry.npmjs.org/toidentifier/-/toidentifier-1.0.1.tgz. Extracting by manifest.
2916 silly tarball no local data for inherits@https://registry.npmjs.org/inherits/-/inherits-2.0.4.tgz. Extracting by manifest.
2917 silly tarball no local data for flatted@https://registry.npmjs.org/flatted/-/flatted-3.4.4.tgz. Extracting by manifest.
2918 silly tarball no local data for motion-utils@https://registry.npmjs.org/motion-utils/-/motion-utils-12.39.0.tgz. Extracting by manifest.
2919 silly tarball no local data for keyv@https://registry.npmjs.org/keyv/-/keyv-4.5.4.tgz. Extracting by manifest.
2920 silly tarball no local data for path-exists@https://registry.npmjs.org/path-exists/-/path-exists-4.0.0.tgz. Extracting by manifest.
2921 silly tarball no local data for flat-cache@https://registry.npmjs.org/flat-cache/-/flat-cache-4.0.1.tgz. Extracting by manifest.
2922 silly tarball no local data for locate-path@https://registry.npmjs.org/locate-path/-/locate-path-6.0.0.tgz. Extracting by manifest.
2923 silly tarball no local data for unpipe@https://registry.npmjs.org/unpipe/-/unpipe-1.0.0.tgz. Extracting by manifest.
2924 silly tarball no local data for raw-body@https://registry.npmjs.org/raw-body/-/raw-body-2.5.3.tgz. Extracting by manifest.
2925 silly tarball no local data for iconv-lite@https://registry.npmjs.org/iconv-lite/-/iconv-lite-0.4.24.tgz. Extracting by manifest.
2926 silly tarball no local data for destroy@https://registry.npmjs.org/destroy/-/destroy-1.2.0.tgz. Extracting by manifest.
2927 silly tarball no local data for bytes@https://registry.npmjs.org/bytes/-/bytes-3.1.2.tgz. Extracting by manifest.
2928 silly tarball no local data for negotiator@https://registry.npmjs.org/negotiator/-/negotiator-0.6.3.tgz. Extracting by manifest.
2929 silly tarball no local data for mime-types@https://registry.npmjs.org/mime-types/-/mime-types-2.1.35.tgz. Extracting by manifest.
2930 silly tarball no local data for type-is@https://registry.npmjs.org/type-is/-/type-is-1.6.18.tgz. Extracting by manifest.
2931 silly tarball no local data for utils-merge@https://registry.npmjs.org/utils-merge/-/utils-merge-1.0.1.tgz. Extracting by manifest.
2932 silly tarball no local data for statuses@https://registry.npmjs.org/statuses/-/statuses-2.0.2.tgz. Extracting by manifest.
2933 silly tarball no local data for setprototypeof@https://registry.npmjs.org/setprototypeof/-/setprototypeof-1.2.0.tgz. Extracting by manifest.
2934 silly tarball no local data for serve-static@https://registry.npmjs.org/serve-static/-/serve-static-1.16.3.tgz. Extracting by manifest.
2935 silly tarball no local data for send@https://registry.npmjs.org/send/-/send-0.19.2.tgz. Extracting by manifest.
2936 silly tarball no local data for safe-buffer@https://registry.npmjs.org/safe-buffer/-/safe-buffer-5.2.1.tgz. Extracting by manifest.
2937 silly tarball no local data for range-parser@https://registry.npmjs.org/range-parser/-/range-parser-1.2.1.tgz. Extracting by manifest.
2938 silly tarball no local data for qs@https://registry.npmjs.org/qs/-/qs-6.15.3.tgz. Extracting by manifest.
2939 silly tarball no local data for proxy-addr@https://registry.npmjs.org/proxy-addr/-/proxy-addr-2.0.7.tgz. Extracting by manifest.
2940 silly tarball no local data for path-to-regexp@https://registry.npmjs.org/path-to-regexp/-/path-to-regexp-0.1.13.tgz. Extracting by manifest.
2941 silly tarball no local data for parseurl@https://registry.npmjs.org/parseurl/-/parseurl-1.3.3.tgz. Extracting by manifest.
2942 silly tarball no local data for on-finished@https://registry.npmjs.org/on-finished/-/on-finished-2.4.1.tgz. Extracting by manifest.
2943 silly tarball no local data for methods@https://registry.npmjs.org/methods/-/methods-1.1.2.tgz. Extracting by manifest.
2944 silly tarball no local data for merge-descriptors@https://registry.npmjs.org/merge-descriptors/-/merge-descriptors-1.0.3.tgz. Extracting by manifest.
2945 silly tarball no local data for fresh@https://registry.npmjs.org/fresh/-/fresh-0.5.2.tgz. Extracting by manifest.
2946 silly tarball no local data for http-errors@https://registry.npmjs.org/http-errors/-/http-errors-2.0.1.tgz. Extracting by manifest.
2947 silly tarball no local data for etag@https://registry.npmjs.org/etag/-/etag-1.8.1.tgz. Extracting by manifest.
2948 silly tarball no local data for escape-html@https://registry.npmjs.org/escape-html/-/escape-html-1.0.3.tgz. Extracting by manifest.
2949 silly tarball no local data for finalhandler@https://registry.npmjs.org/finalhandler/-/finalhandler-1.3.2.tgz. Extracting by manifest.
2950 silly tarball no local data for encodeurl@https://registry.npmjs.org/encodeurl/-/encodeurl-2.0.0.tgz. Extracting by manifest.
2951 silly tarball no local data for depd@https://registry.npmjs.org/depd/-/depd-2.0.0.tgz. Extracting by manifest.
2952 silly tarball no local data for cookie-signature@https://registry.npmjs.org/cookie-signature/-/cookie-signature-1.0.7.tgz. Extracting by manifest.
2953 silly tarball no local data for cookie@https://registry.npmjs.org/cookie/-/cookie-0.7.2.tgz. Extracting by manifest.
2954 silly tarball no local data for content-type@https://registry.npmjs.org/content-type/-/content-type-1.0.5.tgz. Extracting by manifest.
2955 silly tarball no local data for content-disposition@https://registry.npmjs.org/content-disposition/-/content-disposition-0.5.4.tgz. Extracting by manifest.
2956 silly tarball no local data for body-parser@https://registry.npmjs.org/body-parser/-/body-parser-1.20.6.tgz. Extracting by manifest.
2957 silly tarball no local data for array-flatten@https://registry.npmjs.org/array-flatten/-/array-flatten-1.1.1.tgz. Extracting by manifest.
2958 silly tarball no local data for accepts@https://registry.npmjs.org/accepts/-/accepts-1.3.8.tgz. Extracting by manifest.
2959 silly tarball no local data for acorn-jsx@https://registry.npmjs.org/acorn-jsx/-/acorn-jsx-5.3.2.tgz. Extracting by manifest.
2960 silly tarball no local data for acorn@https://registry.npmjs.org/acorn/-/acorn-8.18.0.tgz. Extracting by manifest.
2961 silly tarball no local data for estraverse@https://registry.npmjs.org/estraverse/-/estraverse-5.3.0.tgz. Extracting by manifest.
2962 silly tarball no local data for esrecurse@https://registry.npmjs.org/esrecurse/-/esrecurse-4.3.0.tgz. Extracting by manifest.
2963 silly tarball no local data for which@https://registry.npmjs.org/which/-/which-2.0.2.tgz. Extracting by manifest.
2964 silly tarball no local data for shebang-command@https://registry.npmjs.org/shebang-command/-/shebang-command-2.0.0.tgz. Extracting by manifest.
2965 silly tarball no local data for path-key@https://registry.npmjs.org/path-key/-/path-key-3.1.1.tgz. Extracting by manifest.
2966 silly tarball no local data for uri-js@https://registry.npmjs.org/uri-js/-/uri-js-4.4.1.tgz. Extracting by manifest.
2967 silly tarball no local data for json-schema-traverse@https://registry.npmjs.org/json-schema-traverse/-/json-schema-traverse-0.4.1.tgz. Extracting by manifest.
2968 silly tarball no local data for fast-json-stable-stringify@https://registry.npmjs.org/fast-json-stable-stringify/-/fast-json-stable-stringify-2.1.0.tgz. Extracting by manifest.
2969 silly tarball no local data for @humanfs/types@https://registry.npmjs.org/@humanfs/types/-/types-0.15.0.tgz. Extracting by manifest.
2970 silly tarball no local data for @humanfs/core@https://registry.npmjs.org/@humanfs/core/-/core-0.19.2.tgz. Extracting by manifest.
2971 silly tarball no local data for levn@https://registry.npmjs.org/levn/-/levn-0.4.1.tgz. Extracting by manifest.
2972 silly tarball no local data for strip-json-comments@https://registry.npmjs.org/strip-json-comments/-/strip-json-comments-3.1.1.tgz. Extracting by manifest.
2973 silly tarball no local data for js-yaml@https://registry.npmjs.org/js-yaml/-/js-yaml-4.3.1.tgz. Extracting by manifest.
2974 silly tarball no local data for import-fresh@https://registry.npmjs.org/import-fresh/-/import-fresh-3.3.1.tgz. Extracting by manifest.
2975 silly tarball no local data for globals@https://registry.npmjs.org/globals/-/globals-14.0.0.tgz. Extracting by manifest.
2976 silly tarball no local data for @types/json-schema@https://registry.npmjs.org/@types/json-schema/-/json-schema-7.0.15.tgz. Extracting by manifest.
2977 silly tarball no local data for @eslint/object-schema@https://registry.npmjs.org/@eslint/object-schema/-/object-schema-2.1.7.tgz. Extracting by manifest.
2978 silly tarball no local data for optionator@https://registry.npmjs.org/optionator/-/optionator-0.9.4.tgz. Extracting by manifest.
2979 silly tarball no local data for natural-compare@https://registry.npmjs.org/natural-compare/-/natural-compare-1.4.0.tgz. Extracting by manifest.
2980 silly tarball no local data for minimatch@https://registry.npmjs.org/minimatch/-/minimatch-3.1.5.tgz. Extracting by manifest.
2981 silly tarball no local data for json-stable-stringify-without-jsonify@https://registry.npmjs.org/json-stable-stringify-without-jsonify/-/json-stable-stringify-without-jsonify-1.0.1.tgz. Extracting by manifest.
2982 silly tarball no local data for lodash.merge@https://registry.npmjs.org/lodash.merge/-/lodash.merge-4.6.2.tgz. Extracting by manifest.
2983 silly tarball no local data for is-glob@https://registry.npmjs.org/is-glob/-/is-glob-4.0.3.tgz. Extracting by manifest.
2984 silly tarball no local data for ignore@https://registry.npmjs.org/ignore/-/ignore-5.3.2.tgz. Extracting by manifest.
2985 silly tarball no local data for imurmurhash@https://registry.npmjs.org/imurmurhash/-/imurmurhash-0.1.4.tgz. Extracting by manifest.
2986 silly tarball no local data for glob-parent@https://registry.npmjs.org/glob-parent/-/glob-parent-6.0.2.tgz. Extracting by manifest.
2987 silly tarball no local data for find-up@https://registry.npmjs.org/find-up/-/find-up-5.0.0.tgz. Extracting by manifest.
2988 silly tarball no local data for file-entry-cache@https://registry.npmjs.org/file-entry-cache/-/file-entry-cache-8.0.0.tgz. Extracting by manifest.
2989 silly tarball no local data for fast-deep-equal@https://registry.npmjs.org/fast-deep-equal/-/fast-deep-equal-3.1.3.tgz. Extracting by manifest.
2990 silly tarball no local data for esquery@https://registry.npmjs.org/esquery/-/esquery-1.7.0.tgz. Extracting by manifest.
2991 silly tarball no local data for esutils@https://registry.npmjs.org/esutils/-/esutils-2.0.3.tgz. Extracting by manifest.
2992 silly tarball no local data for espree@https://registry.npmjs.org/espree/-/espree-10.4.0.tgz. Extracting by manifest.
2993 silly tarball no local data for eslint-scope@https://registry.npmjs.org/eslint-scope/-/eslint-scope-8.4.0.tgz. Extracting by manifest.
2994 silly tarball no local data for eslint-visitor-keys@https://registry.npmjs.org/eslint-visitor-keys/-/eslint-visitor-keys-4.2.1.tgz. Extracting by manifest.
2995 silly tarball no local data for escape-string-regexp@https://registry.npmjs.org/escape-string-regexp/-/escape-string-regexp-4.0.0.tgz. Extracting by manifest.
2996 silly tarball no local data for cross-spawn@https://registry.npmjs.org/cross-spawn/-/cross-spawn-7.0.6.tgz. Extracting by manifest.
2997 silly tarball no local data for ajv@https://registry.npmjs.org/ajv/-/ajv-6.15.0.tgz. Extracting by manifest.
2998 silly tarball no local data for @types/estree@https://registry.npmjs.org/@types/estree/-/estree-1.0.9.tgz. Extracting by manifest.
2999 silly tarball no local data for @humanwhocodes/retry@https://registry.npmjs.org/@humanwhocodes/retry/-/retry-0.4.3.tgz. Extracting by manifest.
3000 silly tarball no local data for @humanwhocodes/module-importer@https://registry.npmjs.org/@humanwhocodes/module-importer/-/module-importer-1.0.1.tgz. Extracting by manifest.
3001 silly tarball no local data for @humanfs/node@https://registry.npmjs.org/@humanfs/node/-/node-0.16.8.tgz. Extracting by manifest.
3002 silly tarball no local data for @eslint/eslintrc@https://registry.npmjs.org/@eslint/eslintrc/-/eslintrc-3.3.6.tgz. Extracting by manifest.
3003 silly tarball no local data for @eslint/plugin-kit@https://registry.npmjs.org/@eslint/plugin-kit/-/plugin-kit-0.4.1.tgz. Extracting by manifest.
3004 silly tarball no local data for @eslint/core@https://registry.npmjs.org/@eslint/core/-/core-0.17.0.tgz. Extracting by manifest.
3005 silly tarball no local data for @eslint/config-helpers@https://registry.npmjs.org/@eslint/config-helpers/-/config-helpers-0.4.2.tgz. Extracting by manifest.
3006 silly tarball no local data for @eslint/config-array@https://registry.npmjs.org/@eslint/config-array/-/config-array-0.21.2.tgz. Extracting by manifest.
3007 silly tarball no local data for @eslint-community/regexpp@https://registry.npmjs.org/@eslint-community/regexpp/-/regexpp-4.12.2.tgz. Extracting by manifest.
3008 silly tarball no local data for @eslint-community/eslint-utils@https://registry.npmjs.org/@eslint-community/eslint-utils/-/eslint-utils-4.10.1.tgz. Extracting by manifest.
3009 silly tarball no local data for ms@https://registry.npmjs.org/ms/-/ms-2.1.3.tgz. Extracting by manifest.
3010 silly tarball no local data for vary@https://registry.npmjs.org/vary/-/vary-1.1.2.tgz. Extracting by manifest.
3011 silly tarball no local data for update-browserslist-db@https://registry.npmjs.org/update-browserslist-db/-/update-browserslist-db-1.2.3.tgz. Extracting by manifest.
3012 silly tarball no local data for object-assign@https://registry.npmjs.org/object-assign/-/object-assign-4.1.1.tgz. Extracting by manifest.
3013 silly tarball no local data for node-releases@https://registry.npmjs.org/node-releases/-/node-releases-2.0.51.tgz. Extracting by manifest.
3014 silly tarball no local data for electron-to-chromium@https://registry.npmjs.org/electron-to-chromium/-/electron-to-chromium-1.5.399.tgz. Extracting by manifest.
3015 silly tarball no local data for baseline-browser-mapping@https://registry.npmjs.org/baseline-browser-mapping/-/baseline-browser-mapping-2.11.11.tgz. Extracting by manifest.
3016 silly tarball no local data for postcss-value-parser@https://registry.npmjs.org/postcss-value-parser/-/postcss-value-parser-4.2.0.tgz. Extracting by manifest.
3017 silly tarball no local data for fraction.js@https://registry.npmjs.org/fraction.js/-/fraction.js-5.3.4.tgz. Extracting by manifest.
3018 silly tarball no local data for @types/babel__traverse@https://registry.npmjs.org/@types/babel__traverse/-/babel__traverse-7.28.0.tgz. Extracting by manifest.
3019 silly tarball no local data for caniuse-lite@https://registry.npmjs.org/caniuse-lite/-/caniuse-lite-1.0.30001806.tgz. Extracting by manifest.
3020 silly tarball no local data for @jridgewell/resolve-uri@https://registry.npmjs.org/@jridgewell/resolve-uri/-/resolve-uri-3.1.2.tgz. Extracting by manifest.
3021 silly tarball no local data for @types/babel__generator@https://registry.npmjs.org/@types/babel__generator/-/babel__generator-7.27.0.tgz. Extracting by manifest.
3022 silly tarball no local data for @types/babel__template@https://registry.npmjs.org/@types/babel__template/-/babel__template-7.4.4.tgz. Extracting by manifest.
3023 silly tarball no local data for @jridgewell/sourcemap-codec@https://registry.npmjs.org/@jridgewell/sourcemap-codec/-/sourcemap-codec-1.5.5.tgz. Extracting by manifest.
3024 silly tarball no local data for @babel/helper-string-parser@https://registry.npmjs.org/@babel/helper-string-parser/-/helper-string-parser-7.29.7.tgz. Extracting by manifest.
3025 silly tarball no local data for @babel/helper-globals@https://registry.npmjs.org/@babel/helper-globals/-/helper-globals-7.29.7.tgz. Extracting by manifest.
3026 silly tarball no local data for @babel/helper-plugin-utils@https://registry.npmjs.org/@babel/helper-plugin-utils/-/helper-plugin-utils-7.29.7.tgz. Extracting by manifest.
3027 silly tarball no local data for @babel/helper-module-imports@https://registry.npmjs.org/@babel/helper-module-imports/-/helper-module-imports-7.29.7.tgz. Extracting by manifest.
3028 silly tarball no local data for lru-cache@https://registry.npmjs.org/lru-cache/-/lru-cache-5.1.1.tgz. Extracting by manifest.
3029 silly tarball no local data for browserslist@https://registry.npmjs.org/browserslist/-/browserslist-4.28.7.tgz. Extracting by manifest.
3030 silly tarball no local data for @babel/helper-validator-option@https://registry.npmjs.org/@babel/helper-validator-option/-/helper-validator-option-7.29.7.tgz. Extracting by manifest.
3031 silly tarball no local data for @babel/compat-data@https://registry.npmjs.org/@babel/compat-data/-/compat-data-7.29.7.tgz. Extracting by manifest.
3032 silly tarball no local data for jsesc@https://registry.npmjs.org/jsesc/-/jsesc-3.1.0.tgz. Extracting by manifest.
3033 silly tarball no local data for @jridgewell/trace-mapping@https://registry.npmjs.org/@jridgewell/trace-mapping/-/trace-mapping-0.3.31.tgz. Extracting by manifest.
3034 silly tarball no local data for @jridgewell/gen-mapping@https://registry.npmjs.org/@jridgewell/gen-mapping/-/gen-mapping-0.3.13.tgz. Extracting by manifest.
3035 silly tarball no local data for picocolors@https://registry.npmjs.org/picocolors/-/picocolors-1.1.1.tgz. Extracting by manifest.
3036 silly tarball no local data for js-tokens@https://registry.npmjs.org/js-tokens/-/js-tokens-4.0.0.tgz. Extracting by manifest.
3037 silly tarball no local data for @babel/helper-validator-identifier@https://registry.npmjs.org/@babel/helper-validator-identifier/-/helper-validator-identifier-7.29.7.tgz. Extracting by manifest.
3038 silly tarball no local data for semver@https://registry.npmjs.org/semver/-/semver-6.3.1.tgz. Extracting by manifest.
3039 silly tarball no local data for json5@https://registry.npmjs.org/json5/-/json5-2.2.3.tgz. Extracting by manifest.
3040 silly tarball no local data for gensync@https://registry.npmjs.org/gensync/-/gensync-1.0.0-beta.2.tgz. Extracting by manifest.
3041 silly tarball no local data for debug@https://registry.npmjs.org/debug/-/debug-4.4.3.tgz. Extracting by manifest.
3042 silly tarball no local data for convert-source-map@https://registry.npmjs.org/convert-source-map/-/convert-source-map-2.0.0.tgz. Extracting by manifest.
3043 silly tarball no local data for @jridgewell/remapping@https://registry.npmjs.org/@jridgewell/remapping/-/remapping-2.3.5.tgz. Extracting by manifest.
3044 silly tarball no local data for @babel/types@https://registry.npmjs.org/@babel/types/-/types-7.29.8.tgz. Extracting by manifest.
3045 silly tarball no local data for @babel/traverse@https://registry.npmjs.org/@babel/traverse/-/traverse-7.29.8.tgz. Extracting by manifest.
3046 silly tarball no local data for @babel/template@https://registry.npmjs.org/@babel/template/-/template-7.29.7.tgz. Extracting by manifest.
3047 silly tarball no local data for @babel/parser@https://registry.npmjs.org/@babel/parser/-/parser-7.29.8.tgz. Extracting by manifest.
3048 silly tarball no local data for @babel/helpers@https://registry.npmjs.org/@babel/helpers/-/helpers-7.29.7.tgz. Extracting by manifest.
3049 silly tarball no local data for @babel/helper-module-transforms@https://registry.npmjs.org/@babel/helper-module-transforms/-/helper-module-transforms-7.29.7.tgz. Extracting by manifest.
3050 silly tarball no local data for @babel/helper-compilation-targets@https://registry.npmjs.org/@babel/helper-compilation-targets/-/helper-compilation-targets-7.29.7.tgz. Extracting by manifest.
3051 silly tarball no local data for @babel/code-frame@https://registry.npmjs.org/@babel/code-frame/-/code-frame-7.29.7.tgz. Extracting by manifest.
3052 silly tarball no local data for react-refresh@https://registry.npmjs.org/react-refresh/-/react-refresh-0.17.0.tgz. Extracting by manifest.
3053 silly tarball no local data for @babel/generator@https://registry.npmjs.org/@babel/generator/-/generator-7.29.8.tgz. Extracting by manifest.
3054 silly tarball no local data for @types/babel__core@https://registry.npmjs.org/@types/babel__core/-/babel__core-7.20.5.tgz. Extracting by manifest.
3055 silly tarball no local data for @rolldown/pluginutils@https://registry.npmjs.org/@rolldown/pluginutils/-/pluginutils-1.0.0-beta.27.tgz. Extracting by manifest.
3056 silly tarball no local data for @babel/plugin-transform-react-jsx-source@https://registry.npmjs.org/@babel/plugin-transform-react-jsx-source/-/plugin-transform-react-jsx-source-7.29.7.tgz. Extracting by manifest.
3057 silly tarball no local data for @types/http-errors@https://registry.npmjs.org/@types/http-errors/-/http-errors-2.0.5.tgz. Extracting by manifest.
3058 silly tarball no local data for @babel/core@https://registry.npmjs.org/@babel/core/-/core-7.29.7.tgz. Extracting by manifest.
3059 silly tarball no local data for @babel/plugin-transform-react-jsx-self@https://registry.npmjs.org/@babel/plugin-transform-react-jsx-self/-/plugin-transform-react-jsx-self-7.29.7.tgz. Extracting by manifest.
3060 silly tarball no local data for @types/send@https://registry.npmjs.org/@types/send/-/send-1.2.1.tgz. Extracting by manifest.
3061 silly tarball no local data for undici-types@https://registry.npmjs.org/undici-types/-/undici-types-8.3.0.tgz. Extracting by manifest.
3062 silly tarball no local data for csstype@https://registry.npmjs.org/csstype/-/csstype-3.2.3.tgz. Extracting by manifest.
3063 silly tarball no local data for @types/range-parser@https://registry.npmjs.org/@types/range-parser/-/range-parser-1.2.7.tgz. Extracting by manifest.
3064 silly tarball no local data for @types/qs@https://registry.npmjs.org/@types/qs/-/qs-6.15.1.tgz. Extracting by manifest.
3065 silly tarball no local data for @types/connect@https://registry.npmjs.org/@types/connect/-/connect-3.4.38.tgz. Extracting by manifest.
3066 silly tarball no local data for @types/express-serve-static-core@https://registry.npmjs.org/@types/express-serve-static-core/-/express-serve-static-core-5.1.3.tgz. Extracting by manifest.
3067 silly tarball no local data for @types/serve-static@https://registry.npmjs.org/@types/serve-static/-/serve-static-2.2.0.tgz. Extracting by manifest.
3068 silly tarball no local data for @types/body-parser@https://registry.npmjs.org/@types/body-parser/-/body-parser-1.19.6.tgz. Extracting by manifest.
3069 silly tarball no local data for @tanstack/query-core@https://registry.npmjs.org/@tanstack/query-core/-/query-core-5.101.4.tgz. Extracting by manifest.
3070 silly tarball no local data for @types/node@https://registry.npmjs.org/@types/node/-/node-26.1.2.tgz. Extracting by manifest.
3071 silly tarball no local data for iceberg-js@https://registry.npmjs.org/iceberg-js/-/iceberg-js-0.8.1.tgz. Extracting by manifest.
3072 silly tarball no local data for @supabase/phoenix@https://registry.npmjs.org/@supabase/phoenix/-/phoenix-0.4.5.tgz. Extracting by manifest.
3073 silly tarball no local data for @supabase/storage-js@https://registry.npmjs.org/@supabase/storage-js/-/storage-js-2.111.0.tgz. Extracting by manifest.
3074 silly tarball no local data for @supabase/postgrest-js@https://registry.npmjs.org/@supabase/postgrest-js/-/postgrest-js-2.111.0.tgz. Extracting by manifest.
3075 silly tarball no local data for @supabase/realtime-js@https://registry.npmjs.org/@supabase/realtime-js/-/realtime-js-2.111.0.tgz. Extracting by manifest.
3076 silly tarball no local data for @supabase/functions-js@https://registry.npmjs.org/@supabase/functions-js/-/functions-js-2.111.0.tgz. Extracting by manifest.
3077 silly tarball no local data for @supabase/auth-js@https://registry.npmjs.org/@supabase/auth-js/-/auth-js-2.111.0.tgz. Extracting by manifest.
3078 silly tarball no local data for zod@https://registry.npmjs.org/zod/-/zod-3.25.76.tgz. Extracting by manifest.
3079 silly tarball no local data for tsx@https://registry.npmjs.org/tsx/-/tsx-4.23.4.tgz. Extracting by manifest.
3080 silly tarball no local data for morgan@https://registry.npmjs.org/morgan/-/morgan-1.11.0.tgz. Extracting by manifest.
3081 silly tarball no local data for motion-dom@https://registry.npmjs.org/motion-dom/-/motion-dom-12.43.0.tgz. Extracting by manifest.
3082 silly tarball no local data for helmet@https://registry.npmjs.org/helmet/-/helmet-8.3.0.tgz. Extracting by manifest.
3083 silly tarball no local data for express@https://registry.npmjs.org/express/-/express-4.22.2.tgz. Extracting by manifest.
3084 silly tarball no local data for dotenv@https://registry.npmjs.org/dotenv/-/dotenv-16.6.1.tgz. Extracting by manifest.
3085 silly tarball no local data for express-rate-limit@https://registry.npmjs.org/express-rate-limit/-/express-rate-limit-7.5.1.tgz. Extracting by manifest.
3086 silly tarball no local data for cors@https://registry.npmjs.org/cors/-/cors-2.8.6.tgz. Extracting by manifest.
3087 silly tarball no local data for @types/morgan@https://registry.npmjs.org/@types/morgan/-/morgan-1.9.10.tgz. Extracting by manifest.
3088 silly tarball no local data for @types/express@https://registry.npmjs.org/@types/express/-/express-5.0.6.tgz. Extracting by manifest.
3089 silly tarball no local data for typescript-eslint@https://registry.npmjs.org/typescript-eslint/-/typescript-eslint-8.65.0.tgz. Extracting by manifest.
3090 silly tarball no local data for @types/cors@https://registry.npmjs.org/@types/cors/-/cors-2.8.19.tgz. Extracting by manifest.
3091 silly tarball no local data for typescript@https://registry.npmjs.org/typescript/-/typescript-5.7.3.tgz. Extracting by manifest.
3092 silly tarball no local data for react-router-dom@https://registry.npmjs.org/react-router-dom/-/react-router-dom-7.18.2.tgz. Extracting by manifest.
3093 silly tarball no local data for tailwindcss@https://registry.npmjs.org/tailwindcss/-/tailwindcss-3.4.19.tgz. Extracting by manifest.
3094 silly tarball no local data for lucide-react@https://registry.npmjs.org/lucide-react/-/lucide-react-0.475.0.tgz. Extracting by manifest.
3095 silly tarball no local data for framer-motion@https://registry.npmjs.org/framer-motion/-/framer-motion-12.43.0.tgz. Extracting by manifest.
3096 silly tarball no local data for eslint@https://registry.npmjs.org/eslint/-/eslint-9.39.5.tgz. Extracting by manifest.
3097 silly tarball no local data for postcss@https://registry.npmjs.org/postcss/-/postcss-8.5.25.tgz. Extracting by manifest.
3098 silly tarball no local data for autoprefixer@https://registry.npmjs.org/autoprefixer/-/autoprefixer-10.5.4.tgz. Extracting by manifest.
3099 silly tarball no local data for vite@https://registry.npmjs.org/vite/-/vite-6.4.3.tgz. Extracting by manifest.
3100 silly tarball no local data for @vitejs/plugin-react@https://registry.npmjs.org/@vitejs/plugin-react/-/plugin-react-4.7.0.tgz. Extracting by manifest.
3101 silly tarball no local data for @types/react-dom@https://registry.npmjs.org/@types/react-dom/-/react-dom-19.2.4.tgz. Extracting by manifest.
3102 silly tarball no local data for @types/react@https://registry.npmjs.org/@types/react/-/react-19.2.18.tgz. Extracting by manifest.
3103 silly tarball no local data for @tanstack/react-query@https://registry.npmjs.org/@tanstack/react-query/-/react-query-5.101.4.tgz. Extracting by manifest.
3104 silly tarball no local data for react@https://registry.npmjs.org/react/-/react-19.2.8.tgz. Extracting by manifest.
3105 silly tarball no local data for @supabase/supabase-js@https://registry.npmjs.org/@supabase/supabase-js/-/supabase-js-2.111.0.tgz. Extracting by manifest.
3106 silly tarball no local data for @eslint/js@https://registry.npmjs.org/@eslint/js/-/js-9.39.5.tgz. Extracting by manifest.
3107 silly tarball no local data for ansi-regex@https://registry.npmjs.org/ansi-regex/-/ansi-regex-5.0.1.tgz. Extracting by manifest.
3108 silly tarball no local data for is-fullwidth-code-point@https://registry.npmjs.org/is-fullwidth-code-point/-/is-fullwidth-code-point-3.0.0.tgz. Extracting by manifest.
3109 silly tarball no local data for emoji-regex@https://registry.npmjs.org/emoji-regex/-/emoji-regex-8.0.0.tgz. Extracting by manifest.
3110 silly tarball no local data for wrap-ansi@https://registry.npmjs.org/wrap-ansi/-/wrap-ansi-7.0.0.tgz. Extracting by manifest.
3111 silly tarball no local data for strip-ansi@https://registry.npmjs.org/strip-ansi/-/strip-ansi-6.0.1.tgz. Extracting by manifest.
3112 silly tarball no local data for yargs-parser@https://registry.npmjs.org/yargs-parser/-/yargs-parser-21.1.1.tgz. Extracting by manifest.
3113 silly tarball no local data for y18n@https://registry.npmjs.org/y18n/-/y18n-5.0.8.tgz. Extracting by manifest.
3114 silly tarball no local data for string-width@https://registry.npmjs.org/string-width/-/string-width-4.2.3.tgz. Extracting by manifest.
3115 silly tarball no local data for get-caller-file@https://registry.npmjs.org/get-caller-file/-/get-caller-file-2.0.5.tgz. Extracting by manifest.
3116 silly tarball no local data for require-directory@https://registry.npmjs.org/require-directory/-/require-directory-2.1.1.tgz. Extracting by manifest.
3117 silly tarball no local data for escalade@https://registry.npmjs.org/escalade/-/escalade-3.2.0.tgz. Extracting by manifest.
3118 silly tarball no local data for cliui@https://registry.npmjs.org/cliui/-/cliui-8.0.1.tgz. Extracting by manifest.
3119 silly tarball no local data for has-flag@https://registry.npmjs.org/has-flag/-/has-flag-4.0.0.tgz. Extracting by manifest.
3120 silly tarball no local data for tslib@https://registry.npmjs.org/tslib/-/tslib-2.8.1.tgz. Extracting by manifest.
3121 silly tarball no local data for color-name@https://registry.npmjs.org/color-name/-/color-name-1.1.4.tgz. Extracting by manifest.
3122 silly tarball no local data for color-convert@https://registry.npmjs.org/color-convert/-/color-convert-2.0.1.tgz. Extracting by manifest.
3123 silly tarball no local data for ansi-styles@https://registry.npmjs.org/ansi-styles/-/ansi-styles-4.3.0.tgz. Extracting by manifest.
3124 silly tarball no local data for yargs@https://registry.npmjs.org/yargs/-/yargs-17.7.2.tgz. Extracting by manifest.
3125 silly tarball no local data for tree-kill@https://registry.npmjs.org/tree-kill/-/tree-kill-1.2.2.tgz. Extracting by manifest.
3126 silly tarball no local data for supports-color@https://registry.npmjs.org/supports-color/-/supports-color-8.1.1.tgz. Extracting by manifest.
3127 silly tarball no local data for shell-quote@https://registry.npmjs.org/shell-quote/-/shell-quote-1.9.0.tgz. Extracting by manifest.
3128 silly tarball no local data for rxjs@https://registry.npmjs.org/rxjs/-/rxjs-7.8.2.tgz. Extracting by manifest.
3129 silly tarball no local data for chalk@https://registry.npmjs.org/chalk/-/chalk-4.1.2.tgz. Extracting by manifest.
3130 silly tarball no local data for prettier@https://registry.npmjs.org/prettier/-/prettier-3.9.6.tgz. Extracting by manifest.
3131 silly tarball no local data for husky@https://registry.npmjs.org/husky/-/husky-9.1.7.tgz. Extracting by manifest.
3132 silly tarball no local data for concurrently@https://registry.npmjs.org/concurrently/-/concurrently-9.2.4.tgz. Extracting by manifest.
3133 silly tarball no local data for eslint-visitor-keys@https://registry.npmjs.org/eslint-visitor-keys/-/eslint-visitor-keys-5.0.1.tgz. Extracting by manifest.
3134 silly tarball no local data for balanced-match@https://registry.npmjs.org/balanced-match/-/balanced-match-4.0.4.tgz. Extracting by manifest.
3135 silly tarball no local data for brace-expansion@https://registry.npmjs.org/brace-expansion/-/brace-expansion-5.0.9.tgz. Extracting by manifest.
3136 silly tarball no local data for semver@https://registry.npmjs.org/semver/-/semver-7.8.5.tgz. Extracting by manifest.
3137 silly tarball no local data for minimatch@https://registry.npmjs.org/minimatch/-/minimatch-10.2.6.tgz. Extracting by manifest.
3138 silly tarball no local data for picomatch@https://registry.npmjs.org/picomatch/-/picomatch-4.0.5.tgz. Extracting by manifest.
3139 silly tarball no local data for ignore@https://registry.npmjs.org/ignore/-/ignore-7.0.6.tgz. Extracting by manifest.
3140 silly tarball no local data for fdir@https://registry.npmjs.org/fdir/-/fdir-6.5.0.tgz. Extracting by manifest.
3141 silly tarball no local data for glob-parent@https://registry.npmjs.org/glob-parent/-/glob-parent-5.1.2.tgz. Extracting by manifest.
3142 silly tarball no local data for glob-parent@https://registry.npmjs.org/glob-parent/-/glob-parent-5.1.2.tgz. Extracting by manifest.
3143 silly tarball no local data for cookie@https://registry.npmjs.org/cookie/-/cookie-1.1.1.tgz. Extracting by manifest.
3144 silly tarball no local data for safe-buffer@https://registry.npmjs.org/safe-buffer/-/safe-buffer-5.1.2.tgz. Extracting by manifest.
3145 silly tarball no local data for debug@https://registry.npmjs.org/debug/-/debug-2.6.9.tgz. Extracting by manifest.
3146 silly tarball no local data for ms@https://registry.npmjs.org/ms/-/ms-2.0.0.tgz. Extracting by manifest.
3147 silly tarball no local data for ms@https://registry.npmjs.org/ms/-/ms-2.0.0.tgz. Extracting by manifest.
3148 silly tarball no local data for ms@https://registry.npmjs.org/ms/-/ms-2.0.0.tgz. Extracting by manifest.
3149 silly tarball no local data for debug@https://registry.npmjs.org/debug/-/debug-2.6.9.tgz. Extracting by manifest.
3150 silly tarball no local data for debug@https://registry.npmjs.org/debug/-/debug-2.6.9.tgz. Extracting by manifest.
3151 silly tarball no local data for eslint-visitor-keys@https://registry.npmjs.org/eslint-visitor-keys/-/eslint-visitor-keys-3.4.3.tgz. Extracting by manifest.
3152 silly tarball no local data for ms@https://registry.npmjs.org/ms/-/ms-2.0.0.tgz. Extracting by manifest.
3153 silly tarball no local data for debug@https://registry.npmjs.org/debug/-/debug-2.6.9.tgz. Extracting by manifest.
3154 silly tarball no local data for ms@https://registry.npmjs.org/ms/-/ms-2.0.0.tgz. Extracting by manifest.
3155 silly tarball no local data for debug@https://registry.npmjs.org/debug/-/debug-2.6.9.tgz. Extracting by manifest.
3156 silly tarball no local data for picomatch@https://registry.npmjs.org/picomatch/-/picomatch-4.0.5.tgz. Extracting by manifest.
3157 silly tarball no local data for @esbuild/win32-x64@https://registry.npmjs.org/@esbuild/win32-x64/-/win32-x64-0.25.12.tgz. Extracting by manifest.
3158 silly tarball no local data for fdir@https://registry.npmjs.org/fdir/-/fdir-6.5.0.tgz. Extracting by manifest.
3159 silly tarball no local data for supports-color@https://registry.npmjs.org/supports-color/-/supports-color-7.2.0.tgz. Extracting by manifest.
3160 silly tarball no local data for esbuild@https://registry.npmjs.org/esbuild/-/esbuild-0.25.12.tgz. Extracting by manifest.
3161 silly tarball no local data for react-dom@https://registry.npmjs.org/react-dom/-/react-dom-19.2.8.tgz. Extracting by manifest.
3162 http cache shebang-regex@https://registry.npmjs.org/shebang-regex/-/shebang-regex-3.0.0.tgz 0ms (cache hit)
3163 silly tarball no local data for shebang-regex@https://registry.npmjs.org/shebang-regex/-/shebang-regex-3.0.0.tgz. Extracting by manifest.
3164 http fetch POST 200 https://registry.npmjs.org/-/npm/v1/security/advisories/bulk 1532ms
3165 silly audit report {
3165 silly audit report   'react-router': [
3165 silly audit report     {
3165 silly audit report       id: 1124282,
3165 silly audit report       url: 'https://github.com/advisories/GHSA-qwww-vcr4-c8h2',
3165 silly audit report       title: 'React Router: RSC Mode CSRF Bypass Allows Action Execution Before 400 Response',
3165 silly audit report       severity: 'high',
3165 silly audit report       vulnerable_versions: '>=7.12.0 <8.3.0',
3165 silly audit report       cwe: [Array],
3165 silly audit report       cvss: [Object]
3165 silly audit report     }
3165 silly audit report   ]
3165 silly audit report }
3166 silly packumentCache corgi:https://registry.npmjs.org/react-router cache-miss
3167 http fetch GET 200 https://registry.npmjs.org/isexe/-/isexe-2.0.0.tgz 1219ms (cache miss)
3168 http fetch GET 200 https://registry.npmjs.org/is-number/-/is-number-7.0.0.tgz 1333ms (cache miss)
3169 http fetch GET 200 https://registry.npmjs.org/punycode/-/punycode-2.3.1.tgz 1339ms (cache miss)
3170 http fetch GET 200 https://registry.npmjs.org/thenify/-/thenify-3.3.1.tgz 1398ms (cache miss)
3171 http fetch GET 200 https://registry.npmjs.org/any-promise/-/any-promise-1.3.0.tgz 11037ms (cache miss)
3172 http fetch GET 200 https://registry.npmjs.org/mz/-/mz-2.7.0.tgz 11049ms (cache miss)
3173 http fetch GET 200 https://registry.npmjs.org/path-parse/-/path-parse-1.0.7.tgz 11046ms (cache miss)
3174 http fetch GET 200 https://registry.npmjs.org/to-regex-range/-/to-regex-range-5.0.1.tgz 11049ms (cache miss)
3175 http fetch GET 200 https://registry.npmjs.org/run-parallel/-/run-parallel-1.2.0.tgz 11051ms (cache miss)
3176 http fetch GET 200 https://registry.npmjs.org/normalize-path/-/normalize-path-3.0.0.tgz 11064ms (cache miss)
3177 http fetch GET 200 https://registry.npmjs.org/@alloc/quick-lru/-/quick-lru-5.2.0.tgz 11060ms (cache miss)
3178 http fetch GET 200 https://registry.npmjs.org/ts-interface-checker/-/ts-interface-checker-0.1.13.tgz 11136ms (cache miss)
3179 http fetch GET 200 https://registry.npmjs.org/function-bind/-/function-bind-1.1.2.tgz 11070ms (cache miss)
3180 http fetch GET 200 https://registry.npmjs.org/forwarded/-/forwarded-0.2.0.tgz 11151ms (cache miss)
3181 http fetch GET 200 https://registry.npmjs.org/yocto-queue/-/yocto-queue-0.1.0.tgz 11165ms (cache miss)
3182 http fetch GET 200 https://registry.npmjs.org/callsites/-/callsites-3.1.0.tgz 11193ms (cache miss)
3183 http fetch GET 200 https://registry.npmjs.org/ee-first/-/ee-first-1.1.1.tgz 11174ms (cache miss)
3184 http fetch GET 200 https://registry.npmjs.org/concat-map/-/concat-map-0.0.1.tgz 11171ms (cache miss)
3185 http fetch GET 200 https://registry.npmjs.org/json-buffer/-/json-buffer-3.0.1.tgz 11181ms (cache miss)
3186 http fetch GET 200 https://registry.npmjs.org/resolve-from/-/resolve-from-4.0.0.tgz 11182ms (cache miss)
3187 http fetch GET 200 https://registry.npmjs.org/is-extglob/-/is-extglob-2.1.1.tgz 11183ms (cache miss)
3188 http fetch GET 200 https://registry.npmjs.org/p-locate/-/p-locate-5.0.0.tgz 11203ms (cache miss)
3189 http fetch GET 200 https://registry.npmjs.org/parent-module/-/parent-module-1.0.1.tgz 11195ms (cache miss)
3190 http fetch GET 200 https://registry.npmjs.org/inherits/-/inherits-2.0.4.tgz 11189ms (cache miss)
3191 http fetch GET 200 https://registry.npmjs.org/toidentifier/-/toidentifier-1.0.1.tgz 11208ms (cache miss)
3192 http fetch GET 200 https://registry.npmjs.org/fast-levenshtein/-/fast-levenshtein-2.0.6.tgz 11243ms (cache miss)
3193 http fetch GET 200 https://registry.npmjs.org/path-exists/-/path-exists-4.0.0.tgz 11206ms (cache miss)
3194 http fetch GET 200 https://registry.npmjs.org/negotiator/-/negotiator-0.6.3.tgz 11206ms (cache miss)
3195 http fetch GET 200 https://registry.npmjs.org/type-is/-/type-is-1.6.18.tgz 11204ms (cache miss)
3196 http fetch GET 200 https://registry.npmjs.org/merge-descriptors/-/merge-descriptors-1.0.3.tgz 11208ms (cache miss)
3197 http fetch GET 200 https://registry.npmjs.org/methods/-/methods-1.1.2.tgz 11211ms (cache miss)
3198 http fetch GET 200 https://registry.npmjs.org/setprototypeof/-/setprototypeof-1.2.0.tgz 11229ms (cache miss)
3199 http fetch GET 200 https://registry.npmjs.org/on-finished/-/on-finished-2.4.1.tgz 11215ms (cache miss)
3200 http fetch GET 200 https://registry.npmjs.org/escape-html/-/escape-html-1.0.3.tgz 11213ms (cache miss)
3201 http fetch GET 200 https://registry.npmjs.org/encodeurl/-/encodeurl-2.0.0.tgz 11211ms (cache miss)
3202 http fetch GET 200 https://registry.npmjs.org/array-flatten/-/array-flatten-1.1.1.tgz 11203ms (cache miss)
3203 http fetch GET 200 https://registry.npmjs.org/estraverse/-/estraverse-5.3.0.tgz 11198ms (cache miss)
3204 http fetch GET 200 https://registry.npmjs.org/cookie-signature/-/cookie-signature-1.0.7.tgz 11230ms (cache miss)
3205 http fetch GET 200 https://registry.npmjs.org/shebang-command/-/shebang-command-2.0.0.tgz 11212ms (cache miss)
3206 http fetch GET 200 https://registry.npmjs.org/levn/-/levn-0.4.1.tgz 11201ms (cache miss)
3207 http fetch GET 200 https://registry.npmjs.org/path-key/-/path-key-3.1.1.tgz 11231ms (cache miss)
3208 http fetch GET 200 https://registry.npmjs.org/fast-json-stable-stringify/-/fast-json-stable-stringify-2.1.0.tgz 11226ms (cache miss)
3209 http fetch GET 200 https://registry.npmjs.org/@humanfs/types/-/types-0.15.0.tgz 11227ms (cache miss)
3210 http fetch GET 200 https://registry.npmjs.org/ignore/-/ignore-5.3.2.tgz 11192ms (cache miss)
3211 http fetch GET 200 https://registry.npmjs.org/imurmurhash/-/imurmurhash-0.1.4.tgz 11211ms (cache miss)
3212 http fetch GET 200 https://registry.npmjs.org/@eslint/object-schema/-/object-schema-2.1.7.tgz 11228ms (cache miss)
3213 http fetch GET 200 https://registry.npmjs.org/esutils/-/esutils-2.0.3.tgz 11202ms (cache miss)
3214 http fetch GET 200 https://registry.npmjs.org/escape-string-regexp/-/escape-string-regexp-4.0.0.tgz 11195ms (cache miss)
3215 http fetch GET 200 https://registry.npmjs.org/fast-deep-equal/-/fast-deep-equal-3.1.3.tgz 11207ms (cache miss)
3216 http fetch GET 200 https://registry.npmjs.org/update-browserslist-db/-/update-browserslist-db-1.2.3.tgz 11168ms (cache miss)
3217 http fetch GET 200 https://registry.npmjs.org/ms/-/ms-2.1.3.tgz 11172ms (cache miss)
3218 http fetch GET 200 https://registry.npmjs.org/object-assign/-/object-assign-4.1.1.tgz 11182ms (cache miss)
3219 http fetch GET 200 https://registry.npmjs.org/@eslint/config-helpers/-/config-helpers-0.4.2.tgz 11256ms (cache miss)
3220 http fetch GET 200 https://registry.npmjs.org/dunder-proto/-/dunder-proto-1.0.1.tgz 11787ms (cache miss)
3221 http fetch GET 200 https://registry.npmjs.org/merge2/-/merge2-1.4.1.tgz 12914ms (cache miss)
3222 http fetch GET 200 https://registry.npmjs.org/destroy/-/destroy-1.2.0.tgz 12888ms (cache miss)
3223 http fetch GET 200 https://registry.npmjs.org/file-entry-cache/-/file-entry-cache-8.0.0.tgz 12908ms (cache miss)
3224 http fetch GET 200 https://registry.npmjs.org/glob-parent/-/glob-parent-6.0.2.tgz 12922ms (cache miss)
3225 http fetch GET 200 https://registry.npmjs.org/binary-extensions/-/binary-extensions-2.3.0.tgz 15153ms (cache miss)
3226 http fetch GET 200 https://registry.npmjs.org/@nodelib/fs.walk/-/fs.walk-1.2.8.tgz 15214ms (cache miss)
3227 http fetch GET 200 https://registry.npmjs.org/camelcase-css/-/camelcase-css-2.0.1.tgz 15225ms (cache miss)
3228 http fetch GET 200 https://registry.npmjs.org/readdirp/-/readdirp-3.6.0.tgz 15215ms (cache miss)
3229 http fetch GET 200 https://registry.npmjs.org/postcss-js/-/postcss-js-4.1.0.tgz 15209ms (cache miss)
3230 http fetch GET 200 https://registry.npmjs.org/is-glob/-/is-glob-4.0.3.tgz 15416ms (cache miss)
3231 http fetch GET 200 https://registry.npmjs.org/read-cache/-/read-cache-1.0.0.tgz 15672ms (cache miss)
3232 http fetch GET 200 https://registry.npmjs.org/call-bound/-/call-bound-1.0.4.tgz 15667ms (cache miss)
3233 http fetch GET 200 https://registry.npmjs.org/scheduler/-/scheduler-0.27.0.tgz 15649ms (cache miss)
3234 http fetch GET 200 https://registry.npmjs.org/p-limit/-/p-limit-3.1.0.tgz 15640ms (cache miss)
3235 http fetch GET 200 https://registry.npmjs.org/basic-auth/-/basic-auth-2.0.1.tgz 15633ms (cache miss)
3236 http fetch GET 200 https://registry.npmjs.org/balanced-match/-/balanced-match-1.0.2.tgz 15654ms (cache miss)
3237 http fetch GET 200 https://registry.npmjs.org/locate-path/-/locate-path-6.0.0.tgz 15626ms (cache miss)
3238 http fetch GET 200 https://registry.npmjs.org/unpipe/-/unpipe-1.0.0.tgz 15628ms (cache miss)
3239 http fetch GET 200 https://registry.npmjs.org/utils-merge/-/utils-merge-1.0.1.tgz 15626ms (cache miss)
3240 http fetch GET 200 https://registry.npmjs.org/path-to-regexp/-/path-to-regexp-0.1.13.tgz 15627ms (cache miss)
3241 http fetch GET 200 https://registry.npmjs.org/parseurl/-/parseurl-1.3.3.tgz 15633ms (cache miss)
3242 http fetch GET 200 https://registry.npmjs.org/http-errors/-/http-errors-2.0.1.tgz 15629ms (cache miss)
3243 http fetch GET 200 https://registry.npmjs.org/etag/-/etag-1.8.1.tgz 15628ms (cache miss)
3244 http fetch GET 200 https://registry.npmjs.org/accepts/-/accepts-1.3.8.tgz 15634ms (cache miss)
3245 http fetch GET 200 https://registry.npmjs.org/strip-json-comments/-/strip-json-comments-3.1.1.tgz 15637ms (cache miss)
3246 http fetch GET 200 https://registry.npmjs.org/natural-compare/-/natural-compare-1.4.0.tgz 15619ms (cache miss)
3247 http fetch GET 200 https://registry.npmjs.org/cross-spawn/-/cross-spawn-7.0.6.tgz 15644ms (cache miss)
3248 http fetch GET 200 https://registry.npmjs.org/@types/estree/-/estree-1.0.9.tgz 15640ms (cache miss)
3249 http fetch GET 200 https://registry.npmjs.org/@humanwhocodes/module-importer/-/module-importer-1.0.1.tgz 15639ms (cache miss)
3250 http fetch GET 200 https://registry.npmjs.org/@humanwhocodes/retry/-/retry-0.4.3.tgz 15644ms (cache miss)
3251 http fetch GET 200 https://registry.npmjs.org/vary/-/vary-1.1.2.tgz 15625ms (cache miss)
3252 http fetch GET 200 https://registry.npmjs.org/content-type/-/content-type-1.0.5.tgz 15767ms (cache miss)
3253 http fetch GET 200 https://registry.npmjs.org/node-releases/-/node-releases-2.0.51.tgz 15656ms (cache miss)
3254 http fetch GET 200 https://registry.npmjs.org/set-cookie-parser/-/set-cookie-parser-2.7.2.tgz 16051ms (cache miss)
3255 http fetch GET 200 https://registry.npmjs.org/brace-expansion/-/brace-expansion-1.1.18.tgz 16028ms (cache miss)
3256 http fetch GET 200 https://registry.npmjs.org/bytes/-/bytes-3.1.2.tgz 16013ms (cache miss)
3257 http fetch GET 200 https://registry.npmjs.org/raw-body/-/raw-body-2.5.3.tgz 16021ms (cache miss)
3258 http fetch GET 200 https://registry.npmjs.org/proxy-addr/-/proxy-addr-2.0.7.tgz 15997ms (cache miss)
3259 http fetch GET 200 https://registry.npmjs.org/depd/-/depd-2.0.0.tgz 15981ms (cache miss)
3260 http fetch GET 200 https://registry.npmjs.org/import-fresh/-/import-fresh-3.3.1.tgz 15948ms (cache miss)
3261 http fetch GET 200 https://registry.npmjs.org/find-up/-/find-up-5.0.0.tgz 15949ms (cache miss)
3262 http fetch GET 200 https://registry.npmjs.org/minimatch/-/minimatch-3.1.5.tgz 15982ms (cache miss)
3263 http fetch GET 200 https://registry.npmjs.org/@jridgewell/resolve-uri/-/resolve-uri-3.1.2.tgz 15922ms (cache miss)
3264 http fetch GET 200 https://registry.npmjs.org/lru-cache/-/lru-cache-5.1.1.tgz 15905ms (cache miss)
3265 http fetch GET 200 https://registry.npmjs.org/@babel/helper-globals/-/helper-globals-7.29.7.tgz 15913ms (cache miss)
3266 http fetch GET 200 https://registry.npmjs.org/@babel/helper-module-imports/-/helper-module-imports-7.29.7.tgz 15909ms (cache miss)
3267 http fetch GET 200 https://registry.npmjs.org/pify/-/pify-2.3.0.tgz 16273ms (cache miss)
3268 http fetch GET 200 https://registry.npmjs.org/jsesc/-/jsesc-3.1.0.tgz 15918ms (cache miss)
3269 http fetch GET 200 https://registry.npmjs.org/is-binary-path/-/is-binary-path-2.1.0.tgz 16257ms (cache miss)
3270 http fetch GET 200 https://registry.npmjs.org/fill-range/-/fill-range-7.1.1.tgz 16275ms (cache miss)
3271 http fetch GET 200 https://registry.npmjs.org/anymatch/-/anymatch-3.1.3.tgz 16294ms (cache miss)
3272 http fetch GET 200 https://registry.npmjs.org/arg/-/arg-5.0.2.tgz 16276ms (cache miss)
3273 http fetch GET 200 https://registry.npmjs.org/didyoumean/-/didyoumean-1.2.2.tgz 16281ms (cache miss)
3274 http fetch GET 200 https://registry.npmjs.org/micromatch/-/micromatch-4.0.8.tgz 16299ms (cache miss)
3275 http fetch GET 200 https://registry.npmjs.org/js-tokens/-/js-tokens-4.0.0.tgz 15959ms (cache miss)
3276 http fetch GET 200 https://registry.npmjs.org/gensync/-/gensync-1.0.0-beta.2.tgz 15954ms (cache miss)
3277 http fetch GET 200 https://registry.npmjs.org/convert-source-map/-/convert-source-map-2.0.0.tgz 15962ms (cache miss)
3278 http fetch GET 200 https://registry.npmjs.org/debug/-/debug-4.4.3.tgz 15965ms (cache miss)
3279 http fetch GET 200 https://registry.npmjs.org/picocolors/-/picocolors-1.1.1.tgz 15979ms (cache miss)
3280 http fetch GET 200 https://registry.npmjs.org/word-wrap/-/word-wrap-1.2.5.tgz 16274ms (cache miss)
3281 http fetch GET 200 https://registry.npmjs.org/@jridgewell/remapping/-/remapping-2.3.5.tgz 15996ms (cache miss)
3282 http fetch GET 200 https://registry.npmjs.org/pirates/-/pirates-4.0.7.tgz 16409ms (cache miss)
3283 http fetch GET 200 https://registry.npmjs.org/@babel/code-frame/-/code-frame-7.29.7.tgz 16008ms (cache miss)
3284 http fetch GET 200 https://registry.npmjs.org/react-refresh/-/react-refresh-0.17.0.tgz 16008ms (cache miss)
3285 http fetch GET 200 https://registry.npmjs.org/@babel/plugin-transform-react-jsx-source/-/plugin-transform-react-jsx-source-7.29.7.tgz 16028ms (cache miss)
3286 http fetch GET 200 https://registry.npmjs.org/@rolldown/pluginutils/-/pluginutils-1.0.0-beta.27.tgz 16030ms (cache miss)
3287 http fetch GET 200 https://registry.npmjs.org/mime-types/-/mime-types-2.1.35.tgz 16288ms (cache miss)
3288 http fetch GET 200 https://registry.npmjs.org/@types/range-parser/-/range-parser-1.2.7.tgz 16070ms (cache miss)
3289 http fetch GET 200 https://registry.npmjs.org/@babel/plugin-transform-react-jsx-self/-/plugin-transform-react-jsx-self-7.29.7.tgz 16087ms (cache miss)
3290 http fetch GET 200 https://registry.npmjs.org/@types/connect/-/connect-3.4.38.tgz 16087ms (cache miss)
3291 http fetch GET 200 https://registry.npmjs.org/fresh/-/fresh-0.5.2.tgz 16326ms (cache miss)
3292 http fetch GET 200 https://registry.npmjs.org/@types/serve-static/-/serve-static-2.2.0.tgz 16092ms (cache miss)
3293 http fetch GET 200 https://registry.npmjs.org/@types/send/-/send-1.2.1.tgz 16106ms (cache miss)
3294 http fetch GET 200 https://registry.npmjs.org/@types/body-parser/-/body-parser-1.19.6.tgz 16094ms (cache miss)
3295 http fetch GET 200 https://registry.npmjs.org/lodash.merge/-/lodash.merge-4.6.2.tgz 16378ms (cache miss)
3296 http fetch GET 200 https://registry.npmjs.org/thenify-all/-/thenify-all-1.6.0.tgz 16653ms (cache miss)
3297 http fetch GET 200 https://registry.npmjs.org/media-typer/-/media-typer-0.3.0.tgz 16668ms (cache miss)
3298 http fetch GET 200 https://registry.npmjs.org/content-disposition/-/content-disposition-0.5.4.tgz 16455ms (cache miss)
3299 http fetch GET 200 https://registry.npmjs.org/queue-microtask/-/queue-microtask-1.2.3.tgz 16690ms (cache miss)
3300 http fetch GET 200 https://registry.npmjs.org/yallist/-/yallist-3.1.1.tgz 16683ms (cache miss)
3301 http fetch GET 200 https://registry.npmjs.org/on-headers/-/on-headers-1.1.0.tgz 16754ms (cache miss)
3302 http fetch GET 200 https://registry.npmjs.org/safe-buffer/-/safe-buffer-5.2.1.tgz 16752ms (cache miss)
3303 http fetch GET 200 https://registry.npmjs.org/keyv/-/keyv-4.5.4.tgz 16790ms (cache miss)
3304 http fetch GET 200 https://registry.npmjs.org/range-parser/-/range-parser-1.2.1.tgz 16788ms (cache miss)
3305 http fetch GET 200 https://registry.npmjs.org/@types/json-schema/-/json-schema-7.0.15.tgz 16748ms (cache miss)
3306 http fetch GET 200 https://registry.npmjs.org/esrecurse/-/esrecurse-4.3.0.tgz 16799ms (cache miss)
3307 http fetch GET 200 https://registry.npmjs.org/@types/babel__template/-/babel__template-7.4.4.tgz 16768ms (cache miss)
3308 http fetch GET 200 https://registry.npmjs.org/@types/babel__generator/-/babel__generator-7.27.0.tgz 16777ms (cache miss)
3309 http fetch GET 200 https://registry.npmjs.org/cookie/-/cookie-0.7.2.tgz 16947ms (cache miss)
3310 http fetch GET 200 https://registry.npmjs.org/@babel/helper-plugin-utils/-/helper-plugin-utils-7.29.7.tgz 16804ms (cache miss)
3311 http fetch GET 200 https://registry.npmjs.org/@babel/helper-validator-option/-/helper-validator-option-7.29.7.tgz 16818ms (cache miss)
3312 http fetch GET 200 https://registry.npmjs.org/postcss-nested/-/postcss-nested-6.2.0.tgz 17339ms (cache miss)
3313 http fetch GET 200 https://registry.npmjs.org/@types/babel__core/-/babel__core-7.20.5.tgz 17003ms (cache miss)
3314 http fetch GET 200 https://registry.npmjs.org/@types/babel__traverse/-/babel__traverse-7.28.0.tgz 17078ms (cache miss)
3315 http fetch GET 200 https://registry.npmjs.org/@types/http-errors/-/http-errors-2.0.5.tgz 17036ms (cache miss)
3316 http fetch GET 200 https://registry.npmjs.org/@types/qs/-/qs-6.15.1.tgz 17098ms (cache miss)
3317 http fetch GET 200 https://registry.npmjs.org/serve-static/-/serve-static-1.16.3.tgz 17450ms (cache miss)
3318 http fetch GET 200 https://registry.npmjs.org/@types/express-serve-static-core/-/express-serve-static-core-5.1.3.tgz 17215ms (cache miss)
3319 http fetch GET 200 https://registry.npmjs.org/morgan/-/morgan-1.11.0.tgz 17330ms (cache miss)
3320 http fetch GET 200 https://registry.npmjs.org/lines-and-columns/-/lines-and-columns-1.2.4.tgz 17901ms (cache miss)
3321 http fetch GET 200 https://registry.npmjs.org/@types/morgan/-/morgan-1.9.10.tgz 17823ms (cache miss)
3322 http fetch GET 200 https://registry.npmjs.org/@types/cors/-/cors-2.8.19.tgz 17849ms (cache miss)
3323 http fetch GET 200 https://registry.npmjs.org/cors/-/cors-2.8.6.tgz 17872ms (cache miss)
3324 http fetch GET 200 https://registry.npmjs.org/typescript-eslint/-/typescript-eslint-8.65.0.tgz 17887ms (cache miss)
3325 http fetch GET 200 https://registry.npmjs.org/react-router-dom/-/react-router-dom-7.18.2.tgz 17887ms (cache miss)
3326 http fetch GET 200 https://registry.npmjs.org/@types/express/-/express-5.0.6.tgz 17912ms (cache miss)
3327 http fetch GET 200 https://registry.npmjs.org/statuses/-/statuses-2.0.2.tgz 18352ms (cache miss)
3328 http fetch GET 200 https://registry.npmjs.org/send/-/send-0.19.2.tgz 18348ms (cache miss)
3329 http fetch GET 200 https://registry.npmjs.org/finalhandler/-/finalhandler-1.3.2.tgz 18376ms (cache miss)
3330 http fetch GET 200 https://registry.npmjs.org/ansi-regex/-/ansi-regex-5.0.1.tgz 18113ms (cache miss)
3331 http fetch GET 200 https://registry.npmjs.org/lilconfig/-/lilconfig-3.1.3.tgz 18702ms (cache miss)
3332 http fetch GET 200 https://registry.npmjs.org/util-deprecate/-/util-deprecate-1.0.2.tgz 18749ms (cache miss)
3333 http fetch GET 200 https://registry.npmjs.org/which/-/which-2.0.2.tgz 20418ms (cache miss)
3334 http fetch GET 200 https://registry.npmjs.org/acorn-jsx/-/acorn-jsx-5.3.2.tgz 20738ms (cache miss)
3335 http fetch GET 200 https://registry.npmjs.org/strip-ansi/-/strip-ansi-6.0.1.tgz 22560ms (cache miss)
3336 http fetch GET 200 https://registry.npmjs.org/is-fullwidth-code-point/-/is-fullwidth-code-point-3.0.0.tgz 22572ms (cache miss)
3337 http fetch GET 200 https://registry.npmjs.org/wrap-ansi/-/wrap-ansi-7.0.0.tgz 22574ms (cache miss)
3338 http fetch GET 200 https://registry.npmjs.org/string-width/-/string-width-4.2.3.tgz 22568ms (cache miss)
3339 http fetch GET 200 https://registry.npmjs.org/get-caller-file/-/get-caller-file-2.0.5.tgz 22602ms (cache miss)
3340 http fetch GET 200 https://registry.npmjs.org/has-flag/-/has-flag-4.0.0.tgz 22595ms (cache miss)
3341 http fetch GET 200 https://registry.npmjs.org/color-name/-/color-name-1.1.4.tgz 22593ms (cache miss)
3342 http fetch GET 200 https://registry.npmjs.org/cliui/-/cliui-8.0.1.tgz 22598ms (cache miss)
3343 http fetch GET 200 https://registry.npmjs.org/require-directory/-/require-directory-2.1.1.tgz 22603ms (cache miss)
3344 http fetch GET 200 https://registry.npmjs.org/esbuild/-/esbuild-0.28.1.tgz 23126ms (cache miss)
3345 http fetch GET 200 https://registry.npmjs.org/@babel/helper-string-parser/-/helper-string-parser-7.29.7.tgz 22876ms (cache miss)
3346 http fetch GET 200 https://registry.npmjs.org/y18n/-/y18n-5.0.8.tgz 22726ms (cache miss)
3347 http fetch GET 200 https://registry.npmjs.org/shell-quote/-/shell-quote-1.9.0.tgz 22701ms (cache miss)
3348 http fetch GET 200 https://registry.npmjs.org/ansi-styles/-/ansi-styles-4.3.0.tgz 22711ms (cache miss)
3349 http fetch GET 200 https://registry.npmjs.org/supports-color/-/supports-color-8.1.1.tgz 22708ms (cache miss)
3350 http fetch GET 200 https://registry.npmjs.org/tree-kill/-/tree-kill-1.2.2.tgz 22713ms (cache miss)
3351 http fetch GET 200 https://registry.npmjs.org/chalk/-/chalk-4.1.2.tgz 22704ms (cache miss)
3352 http fetch GET 200 https://registry.npmjs.org/husky/-/husky-9.1.7.tgz 22705ms (cache miss)
3353 http fetch GET 200 https://registry.npmjs.org/balanced-match/-/balanced-match-4.0.4.tgz 22703ms (cache miss)
3354 http fetch GET 200 https://registry.npmjs.org/type-check/-/type-check-0.4.0.tgz 23179ms (cache miss)
3355 http fetch GET 200 https://registry.npmjs.org/fdir/-/fdir-6.5.0.tgz 22762ms (cache miss)
3356 http fetch GET 200 https://registry.npmjs.org/glob-parent/-/glob-parent-5.1.2.tgz 22793ms (cache miss)
3357 http fetch GET 200 https://registry.npmjs.org/ms/-/ms-2.0.0.tgz 22795ms (cache miss)
3358 http fetch GET 200 https://registry.npmjs.org/eslint-visitor-keys/-/eslint-visitor-keys-3.4.3.tgz 22794ms (cache miss)
3359 http fetch GET 200 https://registry.npmjs.org/cookie/-/cookie-1.1.1.tgz 22818ms (cache miss)
3360 http fetch GET 200 https://registry.npmjs.org/emoji-regex/-/emoji-regex-8.0.0.tgz 22898ms (cache miss)
3361 http fetch GET 200 https://registry.npmjs.org/ipaddr.js/-/ipaddr.js-1.9.1.tgz 23354ms (cache miss)
3362 http fetch GET 200 https://registry.npmjs.org/escalade/-/escalade-3.2.0.tgz 23050ms (cache miss)
3363 http fetch GET 200 https://registry.npmjs.org/supports-color/-/supports-color-7.2.0.tgz 23025ms (cache miss)
3364 http fetch GET 200 https://registry.npmjs.org/shebang-regex/-/shebang-regex-3.0.0.tgz 22602ms (cache miss)
3365 http fetch GET 200 https://registry.npmjs.org/cssesc/-/cssesc-3.0.0.tgz 23665ms (cache miss)
3366 http fetch GET 200 https://registry.npmjs.org/object-hash/-/object-hash-3.0.0.tgz 23985ms (cache miss)
3367 http fetch GET 200 https://registry.npmjs.org/safer-buffer/-/safer-buffer-2.1.2.tgz 24019ms (cache miss)
3368 http fetch GET 200 https://registry.npmjs.org/@eslint/core/-/core-0.17.0.tgz 23923ms (cache miss)
3369 http fetch GET 200 https://registry.npmjs.org/fdir/-/fdir-6.5.0.tgz 23886ms (cache miss)
3370 http fetch GET 200 https://registry.npmjs.org/glob-parent/-/glob-parent-5.1.2.tgz 23920ms (cache miss)
3371 http fetch GET 200 https://registry.npmjs.org/ms/-/ms-2.0.0.tgz 23945ms (cache miss)
3372 http fetch GET 200 https://registry.npmjs.org/ms/-/ms-2.0.0.tgz 23945ms (cache miss)
3373 http fetch GET 200 https://registry.npmjs.org/ms/-/ms-2.0.0.tgz 23943ms (cache miss)
3374 http fetch GET 200 https://registry.npmjs.org/ms/-/ms-2.0.0.tgz 23940ms (cache miss)
3375 http fetch GET 200 https://registry.npmjs.org/semver/-/semver-6.3.1.tgz 24928ms (cache miss)
3376 http fetch GET 200 https://registry.npmjs.org/flat-cache/-/flat-cache-4.0.1.tgz 25261ms (cache miss)
3377 http fetch GET 200 https://registry.npmjs.org/safe-buffer/-/safe-buffer-5.1.2.tgz 24871ms (cache miss)
3378 http fetch GET 200 https://registry.npmjs.org/@typescript-eslint/parser/-/parser-8.65.0.tgz 25777ms (cache miss)
3379 http fetch GET 200 https://registry.npmjs.org/mime-db/-/mime-db-1.52.0.tgz 25828ms (cache miss)
3380 http fetch GET 200 https://registry.npmjs.org/ignore/-/ignore-7.0.6.tgz 25700ms (cache miss)
3381 http fetch GET 200 https://registry.npmjs.org/optionator/-/optionator-0.9.4.tgz 26061ms (cache miss)
3382 http fetch GET 200 https://registry.npmjs.org/is-core-module/-/is-core-module-2.16.2.tgz 26414ms (cache miss)
3383 http fetch GET 200 https://registry.npmjs.org/get-intrinsic/-/get-intrinsic-1.3.0.tgz 26417ms (cache miss)
3384 http fetch GET 200 https://registry.npmjs.org/argparse/-/argparse-2.0.1.tgz 26587ms (cache miss)
3385 http fetch GET 200 https://registry.npmjs.org/color-convert/-/color-convert-2.0.1.tgz 26402ms (cache miss)
3386 http fetch GET 200 https://registry.npmjs.org/hasown/-/hasown-2.0.4.tgz 26872ms (cache miss)
3387 http fetch GET 200 https://registry.npmjs.org/tinyglobby/-/tinyglobby-0.2.17.tgz 26946ms (cache miss)
3388 http fetch GET 200 https://registry.npmjs.org/json-schema-traverse/-/json-schema-traverse-0.4.1.tgz 27037ms (cache miss)
3389 http fetch GET 200 https://registry.npmjs.org/chokidar/-/chokidar-3.6.0.tgz 27240ms (cache miss)
3390 http fetch GET 200 https://registry.npmjs.org/deep-is/-/deep-is-0.1.4.tgz 27174ms (cache miss)
3391 http fetch GET 200 https://registry.npmjs.org/supports-preserve-symlinks-flag/-/supports-preserve-symlinks-flag-1.0.0.tgz 27474ms (cache miss)
3392 http fetch GET 200 https://registry.npmjs.org/globals/-/globals-14.0.0.tgz 27303ms (cache miss)
3393 http fetch GET 200 https://registry.npmjs.org/es-define-property/-/es-define-property-1.0.1.tgz 27884ms (cache miss)
3394 http fetch GET 200 https://registry.npmjs.org/@eslint/js/-/js-9.39.5.tgz 27565ms (cache miss)
3395 http fetch GET 200 https://registry.npmjs.org/@typescript-eslint/tsconfig-utils/-/tsconfig-utils-8.65.0.tgz 28234ms (cache miss)
3396 http fetch GET 200 https://registry.npmjs.org/dlv/-/dlv-1.1.3.tgz 28193ms (cache miss)
3397 http fetch GET 200 https://registry.npmjs.org/helmet/-/helmet-8.3.0.tgz 27820ms (cache miss)
3398 http fetch GET 200 https://registry.npmjs.org/@humanfs/node/-/node-0.16.8.tgz 28044ms (cache miss)
3399 http fetch GET 200 https://registry.npmjs.org/@typescript-eslint/visitor-keys/-/visitor-keys-8.65.0.tgz 28407ms (cache miss)
3400 http fetch GET 200 https://registry.npmjs.org/@typescript-eslint/project-service/-/project-service-8.65.0.tgz 28413ms (cache miss)
3401 http fetch GET 200 https://registry.npmjs.org/postcss-load-config/-/postcss-load-config-6.0.1.tgz 28346ms (cache miss)
3402 http fetch GET 200 https://registry.npmjs.org/eslint-visitor-keys/-/eslint-visitor-keys-4.2.1.tgz 28217ms (cache miss)
3403 http fetch GET 200 https://registry.npmjs.org/postcss-value-parser/-/postcss-value-parser-4.2.0.tgz 28347ms (cache miss)
3404 http fetch GET 200 https://registry.npmjs.org/commander/-/commander-4.1.1.tgz 28714ms (cache miss)
3405 http fetch GET 200 https://registry.npmjs.org/picomatch/-/picomatch-2.3.2.tgz 28730ms (cache miss)
3406 http fetch GET 200 https://registry.npmjs.org/side-channel-weakmap/-/side-channel-weakmap-1.0.2.tgz 28698ms (cache miss)
3407 http fetch GET 200 https://registry.npmjs.org/browserslist/-/browserslist-4.28.7.tgz 28472ms (cache miss)
3408 http fetch GET 200 https://registry.npmjs.org/side-channel/-/side-channel-1.1.1.tgz 28968ms (cache miss)
3409 http fetch GET 200 https://registry.npmjs.org/side-channel-map/-/side-channel-map-1.0.1.tgz 29035ms (cache miss)
3410 http fetch GET 200 https://registry.npmjs.org/@babel/helper-validator-identifier/-/helper-validator-identifier-7.29.7.tgz 28792ms (cache miss)
3411 http fetch GET 200 https://registry.npmjs.org/@vitejs/plugin-react/-/plugin-react-4.7.0.tgz 28868ms (cache miss)
3412 http fetch GET 200 https://registry.npmjs.org/gopd/-/gopd-1.2.0.tgz 29306ms (cache miss)
3413 http fetch GET 200 https://registry.npmjs.org/side-channel-list/-/side-channel-list-1.0.1.tgz 29399ms (cache miss)
3414 http fetch GET 200 https://registry.npmjs.org/prelude-ls/-/prelude-ls-1.2.1.tgz 29383ms (cache miss)
3415 http fetch GET 200 https://registry.npmjs.org/esbuild/-/esbuild-0.25.12.tgz 29210ms (cache miss)
3416 http fetch GET 200 https://registry.npmjs.org/baseline-browser-mapping/-/baseline-browser-mapping-2.11.11.tgz 29736ms (cache miss)
3417 http fetch GET 200 https://registry.npmjs.org/express-rate-limit/-/express-rate-limit-7.5.1.tgz 32010ms (cache miss)
3418 http fetch GET 200 https://registry.npmjs.org/mime/-/mime-1.6.0.tgz 32671ms (cache miss)
3419 http fetch GET 200 https://registry.npmjs.org/eslint-visitor-keys/-/eslint-visitor-keys-5.0.1.tgz 33104ms (cache miss)
3420 http fetch GET 200 https://registry.npmjs.org/body-parser/-/body-parser-1.20.6.tgz 33468ms (cache miss)
3421 http fetch GET 200 https://registry.npmjs.org/electron-to-chromium/-/electron-to-chromium-1.5.399.tgz 33400ms (cache miss)
3422 http fetch GET 200 https://registry.npmjs.org/get-proto/-/get-proto-1.0.1.tgz 33673ms (cache miss)
3423 http fetch GET 200 https://registry.npmjs.org/espree/-/espree-10.4.0.tgz 33468ms (cache miss)
3424 http fetch GET 200 https://registry.npmjs.org/iceberg-js/-/iceberg-js-0.8.1.tgz 33370ms (cache miss)
3425 http fetch GET 200 https://registry.npmjs.org/dotenv/-/dotenv-16.6.1.tgz 33451ms (cache miss)
3426 http fetch GET 200 https://registry.npmjs.org/picomatch/-/picomatch-4.0.5.tgz 33486ms (cache miss)
3427 http fetch GET 200 https://registry.npmjs.org/reusify/-/reusify-1.1.0.tgz 34035ms (cache miss)
3428 http fetch GET 200 https://registry.npmjs.org/es-object-atoms/-/es-object-atoms-1.1.2.tgz 33997ms (cache miss)
3429 http fetch GET 200 https://registry.npmjs.org/postcss-import/-/postcss-import-15.1.0.tgz 34070ms (cache miss)
3430 http fetch GET 200 https://registry.npmjs.org/picomatch/-/picomatch-4.0.5.tgz 33528ms (cache miss)
3431 http fetch GET 200 https://registry.npmjs.org/@humanfs/core/-/core-0.19.2.tgz 34218ms (cache miss)
3432 http fetch GET 200 https://registry.npmjs.org/fastq/-/fastq-1.20.1.tgz 34591ms (cache miss)
3433 http fetch GET 200 https://registry.npmjs.org/@eslint/plugin-kit/-/plugin-kit-0.4.1.tgz 34468ms (cache miss)
3434 http fetch GET 200 https://registry.npmjs.org/braces/-/braces-3.0.3.tgz 34791ms (cache miss)
3435 http fetch GET 200 https://registry.npmjs.org/flatted/-/flatted-3.4.4.tgz 34755ms (cache miss)
3436 http fetch GET 200 https://registry.npmjs.org/@eslint-community/eslint-utils/-/eslint-utils-4.10.1.tgz 34607ms (cache miss)
3437 http fetch GET 200 https://registry.npmjs.org/@eslint-community/regexpp/-/regexpp-4.12.2.tgz 34873ms (cache miss)
3438 http fetch GET 200 https://registry.npmjs.org/has-symbols/-/has-symbols-1.1.0.tgz 35510ms (cache miss)
3439 http fetch GET 200 https://registry.npmjs.org/tslib/-/tslib-2.8.1.tgz 35072ms (cache miss)
3440 http fetch GET 200 https://registry.npmjs.org/@babel/compat-data/-/compat-data-7.29.7.tgz 35988ms (cache miss)
3441 http fetch GET 200 https://registry.npmjs.org/@types/react-dom/-/react-dom-19.2.4.tgz 35912ms (cache miss)
3442 http fetch GET 200 https://registry.npmjs.org/json-stable-stringify-without-jsonify/-/json-stable-stringify-without-jsonify-1.0.1.tgz 36306ms (cache miss)
3443 http fetch GET 200 https://registry.npmjs.org/yargs-parser/-/yargs-parser-21.1.1.tgz 36275ms (cache miss)
3444 http fetch GET 200 https://registry.npmjs.org/ts-api-utils/-/ts-api-utils-2.5.0.tgz 36900ms (cache miss)
3445 http fetch GET 200 https://registry.npmjs.org/@typescript-eslint/types/-/types-8.65.0.tgz 37095ms (cache miss)
3446 http fetch GET 200 https://registry.npmjs.org/call-bind-apply-helpers/-/call-bind-apply-helpers-1.0.2.tgz 37003ms (cache miss)
3447 http fetch GET 200 https://registry.npmjs.org/eslint-scope/-/eslint-scope-8.4.0.tgz 36964ms (cache miss)
3448 http fetch GET 200 https://registry.npmjs.org/es-errors/-/es-errors-1.3.0.tgz 37248ms (cache miss)
3449 http fetch GET 200 https://registry.npmjs.org/debug/-/debug-2.6.9.tgz 36899ms (cache miss)
3450 http fetch GET 200 https://registry.npmjs.org/debug/-/debug-2.6.9.tgz 37556ms (cache miss)
3451 http fetch GET 200 https://registry.npmjs.org/debug/-/debug-2.6.9.tgz 37694ms (cache miss)
3452 http fetch GET 200 https://registry.npmjs.org/debug/-/debug-2.6.9.tgz 37748ms (cache miss)
3453 http fetch GET 200 https://registry.npmjs.org/acorn/-/acorn-8.18.0.tgz 38183ms (cache miss)
3454 http fetch GET 200 https://registry.npmjs.org/debug/-/debug-2.6.9.tgz 37955ms (cache miss)
3455 http fetch GET 200 https://registry.npmjs.org/@nodelib/fs.stat/-/fs.stat-2.0.5.tgz 38831ms (cache miss)
3456 http fetch GET 200 https://registry.npmjs.org/@babel/helper-compilation-targets/-/helper-compilation-targets-7.29.7.tgz 40266ms (cache miss)
3457 http fetch GET 200 https://registry.npmjs.org/csstype/-/csstype-3.2.3.tgz 40293ms (cache miss)
3458 http fetch GET 200 https://registry.npmjs.org/brace-expansion/-/brace-expansion-5.0.9.tgz 40626ms (cache miss)
3459 http fetch GET 200 https://registry.npmjs.org/source-map-js/-/source-map-js-1.2.1.tgz 42023ms (cache miss)
3460 http fetch GET 200 https://registry.npmjs.org/@babel/helper-module-transforms/-/helper-module-transforms-7.29.7.tgz 41764ms (cache miss)
3461 http fetch GET 200 https://registry.npmjs.org/@types/react/-/react-19.2.18.tgz 41887ms (cache miss)
3462 http fetch GET 200 https://registry.npmjs.org/express/-/express-4.22.2.tgz 41940ms (cache miss)
3463 http fetch GET 200 https://registry.npmjs.org/@babel/template/-/template-7.29.7.tgz 42048ms (cache miss)
3464 http fetch GET 200 https://registry.npmjs.org/fraction.js/-/fraction.js-5.3.4.tgz 42228ms (cache miss)
3465 http fetch GET 200 https://registry.npmjs.org/react-router 42098ms (cache miss)
3466 silly packumentCache corgi:https://registry.npmjs.org/react-router set size:undefined disposed:false
3467 http fetch GET 200 https://registry.npmjs.org/nanoid/-/nanoid-3.3.16.tgz 44217ms (cache miss)
3468 http fetch GET 200 https://registry.npmjs.org/@eslint/config-array/-/config-array-0.21.2.tgz 44388ms (cache miss)
3469 http fetch GET 200 https://registry.npmjs.org/qs/-/qs-6.15.3.tgz 44847ms (cache miss)
3470 http fetch GET 200 https://registry.npmjs.org/json5/-/json5-2.2.3.tgz 45702ms (cache miss)
3471 http fetch GET 200 https://registry.npmjs.org/@rollup/rollup-win32-x64-gnu/-/rollup-win32-x64-gnu-4.62.4.tgz 50706ms (cache miss)
3472 silly packumentCache corgi:https://registry.npmjs.org/react-router-dom cache-miss
3473 http fetch GET 200 https://registry.npmjs.org/@nodelib/fs.scandir/-/fs.scandir-2.1.5.tgz 52081ms (cache miss)
3474 http fetch GET 200 https://registry.npmjs.org/esquery/-/esquery-1.7.0.tgz 52034ms (cache miss)
3475 http fetch GET 200 https://registry.npmjs.org/@jridgewell/sourcemap-codec/-/sourcemap-codec-1.5.5.tgz 52825ms (cache miss)
3476 http fetch GET 200 https://registry.npmjs.org/math-intrinsics/-/math-intrinsics-1.1.0.tgz 53139ms (cache miss)
3477 http fetch GET 200 https://registry.npmjs.org/react/-/react-19.2.8.tgz 52716ms (cache miss)
3478 http fetch GET 200 https://registry.npmjs.org/@babel/parser/-/parser-7.29.8.tgz 53119ms (cache miss)
3479 http fetch GET 200 https://registry.npmjs.org/object-inspect/-/object-inspect-1.13.4.tgz 53994ms (cache miss)
3480 http fetch GET 200 https://registry.npmjs.org/@jridgewell/gen-mapping/-/gen-mapping-0.3.13.tgz 53898ms (cache miss)
3481 http fetch GET 200 https://registry.npmjs.org/iconv-lite/-/iconv-lite-0.4.24.tgz 54203ms (cache miss)
3482 http fetch GET 200 https://registry.npmjs.org/undici-types/-/undici-types-8.3.0.tgz 54858ms (cache miss)
3483 http fetch GET 200 https://registry.npmjs.org/@rollup/rollup-win32-x64-msvc/-/rollup-win32-x64-msvc-4.62.4.tgz 63350ms (cache miss)
3484 http fetch GET 200 https://registry.npmjs.org/jiti/-/jiti-1.21.7.tgz 64723ms (cache miss)
3485 http fetch GET 200 https://registry.npmjs.org/react-router-dom 14029ms (cache miss)
3486 silly packumentCache corgi:https://registry.npmjs.org/react-router-dom set size:undefined disposed:false
3487 http fetch GET 200 https://registry.npmjs.org/@eslint/eslintrc/-/eslintrc-3.3.6.tgz 66609ms (cache miss)
3488 http fetch GET 200 https://registry.npmjs.org/@supabase/supabase-js/-/supabase-js-2.111.0.tgz 66611ms (cache miss)
3489 http fetch GET 200 https://registry.npmjs.org/postcss-selector-parser/-/postcss-selector-parser-6.1.4.tgz 68371ms (cache miss)
3490 http fetch GET 200 https://registry.npmjs.org/@typescript-eslint/type-utils/-/type-utils-8.65.0.tgz 68434ms (cache miss)
3491 http fetch GET 200 https://registry.npmjs.org/@supabase/storage-js/-/storage-js-2.111.0.tgz 68011ms (cache miss)
3492 http fetch GET 200 https://registry.npmjs.org/@supabase/postgrest-js/-/postgrest-js-2.111.0.tgz 68011ms (cache miss)
3493 http fetch GET 200 https://registry.npmjs.org/@jridgewell/trace-mapping/-/trace-mapping-0.3.31.tgz 68388ms (cache miss)
3494 http fetch GET 200 https://registry.npmjs.org/js-yaml/-/js-yaml-4.3.1.tgz 68666ms (cache miss)
3495 http fetch GET 200 https://registry.npmjs.org/semver/-/semver-7.8.5.tgz 68494ms (cache miss)
3496 http fetch GET 200 https://registry.npmjs.org/postcss/-/postcss-8.5.25.tgz 70175ms (cache miss)
3497 http fetch GET 200 https://registry.npmjs.org/@babel/generator/-/generator-7.29.8.tgz 70891ms (cache miss)
3498 http fetch GET 200 https://registry.npmjs.org/tsx/-/tsx-4.23.4.tgz 71057ms (cache miss)
3499 http fetch GET 200 https://registry.npmjs.org/@supabase/functions-js/-/functions-js-2.111.0.tgz 73798ms (cache miss)
3500 http fetch GET 200 https://registry.npmjs.org/rollup/-/rollup-4.62.4.tgz 74550ms (cache miss)
3501 http fetch GET 200 https://registry.npmjs.org/uri-js/-/uri-js-4.4.1.tgz 74304ms (cache miss)
3502 http fetch GET 200 https://registry.npmjs.org/fast-glob/-/fast-glob-3.3.3.tgz 75005ms (cache miss)
3503 http fetch GET 200 https://registry.npmjs.org/vite/-/vite-6.4.3.tgz 77193ms (cache miss)
3504 http fetch GET 200 https://registry.npmjs.org/yargs/-/yargs-17.7.2.tgz 77433ms (cache miss)
3505 http fetch GET 200 https://registry.npmjs.org/minimatch/-/minimatch-10.2.6.tgz 79037ms (cache miss)
3506 http fetch GET 200 https://registry.npmjs.org/@supabase/phoenix/-/phoenix-0.4.5.tgz 79700ms (cache miss)
3507 http fetch GET 200 https://registry.npmjs.org/@babel/traverse/-/traverse-7.29.8.tgz 82062ms (cache miss)
3508 http fetch GET 200 https://registry.npmjs.org/motion-utils/-/motion-utils-12.39.0.tgz 82542ms (cache miss)
3509 http fetch GET 200 https://registry.npmjs.org/autoprefixer/-/autoprefixer-10.5.4.tgz 83953ms (cache miss)
3510 http fetch GET 200 https://registry.npmjs.org/@types/node/-/node-26.1.2.tgz 84373ms (cache miss)
3511 http fetch GET 200 https://registry.npmjs.org/@typescript-eslint/utils/-/utils-8.65.0.tgz 85176ms (cache miss)
3512 http fetch GET 200 https://registry.npmjs.org/@typescript-eslint/typescript-estree/-/typescript-estree-8.65.0.tgz 85292ms (cache miss)
3513 http fetch GET 200 https://registry.npmjs.org/concurrently/-/concurrently-9.2.4.tgz 85932ms (cache miss)
3514 http fetch GET 200 https://registry.npmjs.org/ajv/-/ajv-6.15.0.tgz 88471ms (cache miss)
3515 http fetch GET 200 https://registry.npmjs.org/resolve/-/resolve-1.22.12.tgz 89406ms (cache miss)
3516 http fetch GET 200 https://registry.npmjs.org/@esbuild/win32-x64/-/win32-x64-0.25.12.tgz 89633ms (cache miss)
3517 http fetch GET 200 https://registry.npmjs.org/react-dom/-/react-dom-19.2.8.tgz 90604ms (cache miss)
3518 http fetch GET 200 https://registry.npmjs.org/@esbuild/win32-x64/-/win32-x64-0.28.1.tgz 96505ms (cache miss)
3519 http fetch GET 200 https://registry.npmjs.org/@babel/core/-/core-7.29.7.tgz 98393ms (cache miss)
3520 http fetch GET 200 https://registry.npmjs.org/prettier/-/prettier-3.9.6.tgz 101064ms (cache miss)
3521 http fetch GET 200 https://registry.npmjs.org/@supabase/realtime-js/-/realtime-js-2.111.0.tgz 103398ms (cache miss)
3522 http fetch GET 200 https://registry.npmjs.org/@babel/types/-/types-7.29.8.tgz 115175ms (cache miss)
3523 http fetch GET 200 https://registry.npmjs.org/sucrase/-/sucrase-3.35.1.tgz 116326ms (cache miss)
3524 http fetch GET 200 https://registry.npmjs.org/@babel/helpers/-/helpers-7.29.7.tgz 117523ms (cache miss)
3525 http fetch GET 200 https://registry.npmjs.org/react-router/-/react-router-7.18.2.tgz 117941ms (cache miss)
3526 http fetch GET 200 https://registry.npmjs.org/@supabase/auth-js/-/auth-js-2.111.0.tgz 117948ms (cache miss)
3527 http fetch GET 200 https://registry.npmjs.org/tailwindcss/-/tailwindcss-3.4.19.tgz 119542ms (cache miss)
3528 http fetch GET 200 https://registry.npmjs.org/@tanstack/react-query/-/react-query-5.101.4.tgz 123848ms (cache miss)
3529 http fetch GET 200 https://registry.npmjs.org/@typescript-eslint/scope-manager/-/scope-manager-8.65.0.tgz 124949ms (cache miss)
3530 http fetch GET 200 https://registry.npmjs.org/@tanstack/query-core/-/query-core-5.101.4.tgz 124704ms (cache miss)
3531 http fetch GET 200 https://registry.npmjs.org/typescript/-/typescript-5.7.3.tgz 124909ms (cache miss)
3532 http fetch GET 200 https://registry.npmjs.org/@typescript-eslint/eslint-plugin/-/eslint-plugin-8.65.0.tgz 129705ms (cache miss)
3533 http fetch GET 200 https://registry.npmjs.org/eslint/-/eslint-9.39.5.tgz 129882ms (cache miss)
3534 http fetch GET 200 https://registry.npmjs.org/framer-motion/-/framer-motion-12.43.0.tgz 130437ms (cache miss)
3535 http fetch GET 200 https://registry.npmjs.org/motion-dom/-/motion-dom-12.43.0.tgz 134620ms (cache miss)
3536 http fetch GET 200 https://registry.npmjs.org/caniuse-lite/-/caniuse-lite-1.0.30001806.tgz 135507ms (cache miss)
3537 http fetch GET 200 https://registry.npmjs.org/zod/-/zod-3.25.76.tgz 135741ms (cache miss)
